,Track,Artist,Date
0,Palladium,Kacy Hill,"31 Oct 2021, 15:40"
1,Concrete and Gold,Foo Fighters,"31 Oct 2021, 21:34"
2,Tear in My Heart,Twenty One Pilots,"31 Oct 2021, 21:31"
3,The Stars,Kacy Hill,"31 Oct 2021, 21:28"
4,Underdog,Imagine Dragons,"31 Oct 2021, 21:24"
5,Da Funk - Radio Edit,Daft Punk,"31 Oct 2021, 21:21"
6,Real Life,Imagine Dragons,"31 Oct 2021, 21:16"
7,65th & Ingleside,Chance the Rapper,"31 Oct 2021, 21:12"
8,"Blessings (feat. Ty Dolla $ign, Anderson .Paak, BJ The Chicago Kid, Raury & Jamila Woods)",Chance the Rapper,"31 Oct 2021, 21:08"
9,Machine,Imagine Dragons,"31 Oct 2021, 21:05"
10,POWER,Kanye West,"31 Oct 2021, 21:00"
11,JOHNNY,BROCKHAMPTON,"31 Oct 2021, 20:56"
12,I Feel It Coming,The Weeknd,"31 Oct 2021, 20:51"
13,Sad People,Kid Cudi,"31 Oct 2021, 20:48"
14,Pray for Me (with Kendrick Lamar),The Weeknd,"31 Oct 2021, 20:45"
15,Stay High - Childish Gambino Version,Childish Gambino,"31 Oct 2021, 20:41"
16,Hey Kids (Bumaye) (feat. Danny Brown),Run the Jewels,"31 Oct 2021, 05:27"
17,Hold Me Down,Daniel Caesar,"31 Oct 2021, 05:23"
18,Ain't No Mountain High Enough,Marvin Gaye,"31 Oct 2021, 05:21"
19,Dark Fantasy,Kanye West,"31 Oct 2021, 05:16"
20,24.19,Childish Gambino,"31 Oct 2021, 05:11"
21,Nights Like This (feat. Ty Dolla $ign),Kehlani,"31 Oct 2021, 04:07"
22,It's You,Ali Gatie,"31 Oct 2021, 04:04"
23,Drive On,Niki,"31 Oct 2021, 02:09"
24,Lose,Niki,"31 Oct 2021, 02:05"
25,in my head,Ariana Grande,"31 Oct 2021, 02:01"
26,Location,Khalid,"31 Oct 2021, 01:58"
27,Wide Open (Foreword),Niki,"31 Oct 2021, 01:55"
28,Say You Won't Let Go,James Arthur,"31 Oct 2021, 01:52"
29,Back in Black,AC/DC,"30 Oct 2021, 20:47"
30,SUMMER,BROCKHAMPTON,"30 Oct 2021, 20:14"
31,Jaded,Drake,"30 Oct 2021, 05:54"
32,Poison,Brent Faiyaz,"30 Oct 2021, 05:50"
33,Infrunami,Steve Lacy,"30 Oct 2021, 05:47"
34,Don't Pretend (feat. SAFE),Khalid,"30 Oct 2021, 05:44"
35,Nowhere To Run (feat. Bryson Tiller),Ryan Trey,"30 Oct 2021, 05:41"
36,I Sip,Tory Lanez,"30 Oct 2021, 05:37"
37,Hard Place,H.E.R.,"30 Oct 2021, 05:33"
38,Tonight,Summer Walker,"30 Oct 2021, 05:30"
39,Nomad,Zion.T,"30 Oct 2021, 05:27"
40,One I Want (feat. PARTYNEXTDOOR),Majid Jordan,"30 Oct 2021, 05:23"
41,Bed Peace,Jhené Aiko,"30 Oct 2021, 05:19"
42,Easy,Mac Ayres,"30 Oct 2021, 05:14"
43,Fire & Desire,Drake,"30 Oct 2021, 05:10"
44,Come Thru (with Usher),Summer Walker,"30 Oct 2021, 05:06"
45,"Gravity (feat. Tyler, The Creator)",Brent Faiyaz,"30 Oct 2021, 05:03"
46,The Weekend - Funk Wav Remix,SZA,"30 Oct 2021, 05:00"
47,People Talk,Etana,"29 Oct 2021, 15:10"
48,People Talk,Etana,"29 Oct 2021, 02:30"
49,To The Top,Twin Shadow,"28 Oct 2021, 19:11"
50,Signs of Life,Arcade Fire,"28 Oct 2021, 18:55"
51,Sympathy For The Devil - 50th Anniversary Edition,The Rolling Stones,"28 Oct 2021, 18:48"
52,Legend Has It,Run the Jewels,"28 Oct 2021, 18:34"
53,Are You Lonely,Steve Aoki,"28 Oct 2021, 18:26"
54,Your Song,Elton John,"28 Oct 2021, 18:22"
55,GOD.,Kendrick Lamar,"28 Oct 2021, 18:18"
56,Feels Right,Carly Rae Jepsen,"28 Oct 2021, 18:15"
57,Classic,MKTO,"28 Oct 2021, 04:41"
58,Classic,MKTO,"28 Oct 2021, 04:34"
59,Hold Me Just Because,Madeon,"27 Oct 2021, 02:22"
60,Every Summertime,Niki,"27 Oct 2021, 02:18"
61,Until I Bleed Out,The Weeknd,"26 Oct 2021, 01:14"
62,Stay with Me,Sam Smith,"26 Oct 2021, 01:11"
63,Boscage,Hydelic,"26 Oct 2021, 01:08"
64,The Stroke - Remastered,Billy Squier,"26 Oct 2021, 01:05"
65,The Line,Foo Fighters,"26 Oct 2021, 01:01"
66,Easy on Me,Adele,"26 Oct 2021, 00:57"
67,Versace on the Floor,Bruno Mars,"26 Oct 2021, 00:18"
68,Heavy With Hoping,Madeon,"26 Oct 2021, 00:14"
69,Perfecto,Mac Miller,"26 Oct 2021, 00:10"
70,Future Days,Pearl Jam,"24 Oct 2021, 20:39"
71,Every Summertime,Niki,"24 Oct 2021, 20:35"
72,Leave the Door Open,Bruno Mars,"24 Oct 2021, 20:31"
73,Never More,平田志穂子,"24 Oct 2021, 20:24"
74,Scared to Live,The Weeknd,"24 Oct 2021, 20:22"
75,Playing Around Before the Party Starts,Childish Gambino,"24 Oct 2021, 20:04"
76,Come Down,Anderson .Paak,"24 Oct 2021, 20:01"
77,Scared to Live,The Weeknd,"24 Oct 2021, 19:56"
78,YEAH RIGHT,Joji,"24 Oct 2021, 19:51"
79,24.19,Childish Gambino,"24 Oct 2021, 19:33"
80,Scared to Live,The Weeknd,"24 Oct 2021, 19:28"
81,Hardest to Love,The Weeknd,"24 Oct 2021, 19:25"
82,Easy on Me,Adele,"24 Oct 2021, 04:27"
83,Future Days,Pearl Jam,"24 Oct 2021, 03:54"
84,I Believe in You (feat. Francis and the Lights),Kacy Hill,"24 Oct 2021, 03:29"
85,Once a Day,Mac Miller,"24 Oct 2021, 03:26"
86,Selene,Niki,"24 Oct 2021, 03:23"
87,DEAR LORD,BROCKHAMPTON,"24 Oct 2021, 03:21"
88,Fuck No (feat. Brasstracks & PhiloSofie),99 NEIGHBORS,"24 Oct 2021, 03:17"
89,Save Your Tears (with Ariana Grande) (Remix),The Weeknd,"24 Oct 2021, 03:14"
90,Family Ties (with Kendrick Lamar),Baby Keem,"24 Oct 2021, 03:09"
91,Stay High - Childish Gambino Version,Childish Gambino,"24 Oct 2021, 03:06"
92,Seasons Bloom,Kacy Hill,"24 Oct 2021, 03:02"
93,I Couldn't Wait,Kacy Hill,"24 Oct 2021, 02:59"
94,Easy on Me,Adele,"24 Oct 2021, 02:55"
95,Scared to Live,The Weeknd,"24 Oct 2021, 01:20"
96,Palladium,Kacy Hill,"24 Oct 2021, 01:06"
97,Start a Riot,Duckwrth,"24 Oct 2021, 01:04"
98,"Simple, Sweet, and Smiling",Kacy Hill,"24 Oct 2021, 00:40"
99,The Right Time,Kacy Hill,"24 Oct 2021, 00:37"
100,I Couldn't Wait,Kacy Hill,"24 Oct 2021, 00:33"
101,Seasons Bloom,Kacy Hill,"24 Oct 2021, 00:33"
102,I Couldn't Wait,Kacy Hill,"24 Oct 2021, 00:31"
103,Easy on Me,Adele,"24 Oct 2021, 00:27"
104,Bed Peace,Jhené Aiko,"23 Oct 2021, 01:17"
105,Nomad,Zion.T,"23 Oct 2021, 01:14"
106,Easy,Mac Ayres,"23 Oct 2021, 01:10"
107,The Ways (with Swae Lee),Khalid,"23 Oct 2021, 01:10"
108,Easy,Mac Ayres,"23 Oct 2021, 01:05"
109,Until I Bleed Out,The Weeknd,"23 Oct 2021, 01:04"
110,Until I Bleed Out,The Weeknd,"23 Oct 2021, 01:01"
111,Unconditional,Kehlani,"23 Oct 2021, 00:58"
112,In Between,dvsn,"23 Oct 2021, 00:55"
113,"Gravity (feat. Tyler, The Creator)",Brent Faiyaz,"23 Oct 2021, 00:51"
114,Naked - Bonus Track,Ella Mai,"23 Oct 2021, 00:48"
115,Sho Is Hype,Volume 10,"23 Oct 2021, 00:43"
116,Retro [Rough],Childish Gambino,"23 Oct 2021, 00:24"
117,Easy on Me,Adele,"23 Oct 2021, 00:23"
118,Easy on Me,Adele,"23 Oct 2021, 00:19"
119,Too Good at Goodbyes,Sam Smith,"22 Oct 2021, 23:59"
120,Shining Star,"Earth, Wind & Fire","22 Oct 2021, 23:52"
121,You Are the Reason,Calum Scott,"22 Oct 2021, 23:44"
122,SLOW DANCING IN THE DARK,Joji,"22 Oct 2021, 23:42"
123,Your Song,Elton John,"22 Oct 2021, 23:36"
124,Moth To A Flame (with The Weeknd),Swedish House Mafia,"22 Oct 2021, 23:33"
125,The Stars,Kacy Hill,"22 Oct 2021, 23:20"
126,Hope,Hydelic,"22 Oct 2021, 23:17"
127,Lift Yourself,Kanye West,"22 Oct 2021, 23:15"
128,Stay High - Childish Gambino Version,Childish Gambino,"22 Oct 2021, 23:11"
129,Fire In The Sky,Anderson .Paak,"22 Oct 2021, 23:08"
130,The Stars,Kacy Hill,"22 Oct 2021, 23:04"
131,Easy Going,Kacy Hill,"22 Oct 2021, 23:00"
132,Mochi's Interlude,Kacy Hill,"22 Oct 2021, 22:59"
133,Caterpillars,Kacy Hill,"22 Oct 2021, 22:56"
134,So Loud,Kacy Hill,"22 Oct 2021, 22:52"
135,Walking at Midnight,Kacy Hill,"22 Oct 2021, 22:49"
136,"Simple, Sweet, and Smiling",Kacy Hill,"22 Oct 2021, 22:45"
137,The Right Time,Kacy Hill,"22 Oct 2021, 22:42"
138,Seasons Bloom,Kacy Hill,"22 Oct 2021, 22:38"
139,I Couldn't Wait,Kacy Hill,"22 Oct 2021, 22:36"
140,Easy on Me,Adele,"22 Oct 2021, 22:32"
141,Keep My Spirit Alive,Kanye West,"22 Oct 2021, 22:28"
142,Donda,Kanye West,"22 Oct 2021, 22:26"
143,Heaven and Hell,Kanye West,"22 Oct 2021, 22:24"
144,Moon,Kanye West,"22 Oct 2021, 22:21"
145,Remote Control,Kanye West,"22 Oct 2021, 22:18"
146,24,Kanye West,"22 Oct 2021, 22:15"
147,Believe What I Say,Kanye West,"22 Oct 2021, 22:11"
148,Junya,Kanye West,"22 Oct 2021, 22:08"
149,Ok Ok,Kanye West,"22 Oct 2021, 22:05"
150,Jonah,Kanye West,"22 Oct 2021, 22:01"
151,Praise God,Kanye West,"22 Oct 2021, 21:58"
152,Hurricane,Kanye West,"22 Oct 2021, 21:54"
153,Off the Grid,Kanye West,"22 Oct 2021, 21:48"
154,God Breathed,Kanye West,"22 Oct 2021, 21:42"
155,Jail,Kanye West,"22 Oct 2021, 21:38"
156,Never More,平田志穂子,"22 Oct 2021, 21:22"
157,Signs Of Love,平田志穂子,"22 Oct 2021, 21:19"
158,"Heartbeat,Heartbreak",平田志穂子,"22 Oct 2021, 21:17"
159,Fire In The Sky,Anderson .Paak,"22 Oct 2021, 21:13"
160,Ms. Jackson,OutKast,"22 Oct 2021, 21:09"
161,Family Ties (with Kendrick Lamar),Baby Keem,"22 Oct 2021, 21:06"
162,Family Ties (with Kendrick Lamar),Baby Keem,"22 Oct 2021, 21:03"
163,Stay High - Childish Gambino Version,Childish Gambino,"22 Oct 2021, 20:59"
164,Somebody That I Used to Know,Gotye,"22 Oct 2021, 20:56"
165,Another You,Kacy Hill,"22 Oct 2021, 20:53"
166,The Stars,Kacy Hill,"22 Oct 2021, 20:50"
167,Easy Going,Kacy Hill,"22 Oct 2021, 20:47"
168,Mochi's Interlude,Kacy Hill,"22 Oct 2021, 20:45"
169,Caterpillars,Kacy Hill,"22 Oct 2021, 20:42"
170,So Loud,Kacy Hill,"22 Oct 2021, 20:39"
171,Walking at Midnight,Kacy Hill,"22 Oct 2021, 20:35"
172,"Simple, Sweet, and Smiling",Kacy Hill,"22 Oct 2021, 20:30"
173,The Right Time,Kacy Hill,"22 Oct 2021, 20:27"
174,Seasons Bloom,Kacy Hill,"22 Oct 2021, 20:24"
175,I Couldn't Wait,Kacy Hill,"22 Oct 2021, 20:21"
176,Easy on Me,Adele,"22 Oct 2021, 20:18"
177,Walking at Midnight,Kacy Hill,"22 Oct 2021, 18:52"
178,"Simple, Sweet, and Smiling",Kacy Hill,"22 Oct 2021, 18:34"
179,The Right Time,Kacy Hill,"22 Oct 2021, 18:31"
180,Seasons Bloom,Kacy Hill,"22 Oct 2021, 18:27"
181,I Couldn't Wait,Kacy Hill,"22 Oct 2021, 18:25"
182,Easy on Me,Adele,"22 Oct 2021, 18:21"
183,Easy on Me,Adele,"22 Oct 2021, 18:17"
184,Seasons Bloom,Kacy Hill,"22 Oct 2021, 17:05"
185,I Couldn't Wait,Kacy Hill,"22 Oct 2021, 17:03"
186,Easy on Me,Adele,"21 Oct 2021, 07:36"
187,FABRIC,BROCKHAMPTON,"21 Oct 2021, 02:52"
188,TONYA,BROCKHAMPTON,"21 Oct 2021, 02:47"
189,SAN MARCOS,BROCKHAMPTON,"21 Oct 2021, 02:42"
190,VIVID,BROCKHAMPTON,"21 Oct 2021, 02:40"
191,HONEY,BROCKHAMPTON,"21 Oct 2021, 02:36"
192,J'OUVERT,BROCKHAMPTON,"21 Oct 2021, 02:32"
193,TAPE,BROCKHAMPTON,"21 Oct 2021, 02:29"
194,DISTRICT,BROCKHAMPTON,"21 Oct 2021, 02:25"
195,WEIGHT,BROCKHAMPTON,"21 Oct 2021, 02:21"
196,SOMETHING ABOUT HIM,BROCKHAMPTON,"21 Oct 2021, 02:19"
197,BERLIN,BROCKHAMPTON,"21 Oct 2021, 02:16"
198,THUG LIFE,BROCKHAMPTON,"21 Oct 2021, 02:14"
199,NEW ORLEANS,BROCKHAMPTON,"21 Oct 2021, 02:09"
200,Take My Breath,The Weeknd,"20 Oct 2021, 18:29"
201,Palladium,Kacy Hill,"31 Oct 2021, 15:40"
202,Concrete and Gold,Foo Fighters,"31 Oct 2021, 21:34"
203,Tear in My Heart,Twenty One Pilots,"31 Oct 2021, 21:31"
204,The Stars,Kacy Hill,"31 Oct 2021, 21:28"
205,Underdog,Imagine Dragons,"31 Oct 2021, 21:24"
206,Da Funk - Radio Edit,Daft Punk,"31 Oct 2021, 21:21"
207,Real Life,Imagine Dragons,"31 Oct 2021, 21:16"
208,65th & Ingleside,Chance the Rapper,"31 Oct 2021, 21:12"
209,"Blessings (feat. Ty Dolla $ign, Anderson .Paak, BJ The Chicago Kid, Raury & Jamila Woods)",Chance the Rapper,"31 Oct 2021, 21:08"
210,Machine,Imagine Dragons,"31 Oct 2021, 21:05"
211,POWER,Kanye West,"31 Oct 2021, 21:00"
212,JOHNNY,BROCKHAMPTON,"31 Oct 2021, 20:56"
213,I Feel It Coming,The Weeknd,"31 Oct 2021, 20:51"
214,Sad People,Kid Cudi,"31 Oct 2021, 20:48"
215,Pray for Me (with Kendrick Lamar),The Weeknd,"31 Oct 2021, 20:45"
216,Stay High - Childish Gambino Version,Childish Gambino,"31 Oct 2021, 20:41"
217,Hey Kids (Bumaye) (feat. Danny Brown),Run the Jewels,"31 Oct 2021, 05:27"
218,Hold Me Down,Daniel Caesar,"31 Oct 2021, 05:23"
219,Ain't No Mountain High Enough,Marvin Gaye,"31 Oct 2021, 05:21"
220,Dark Fantasy,Kanye West,"31 Oct 2021, 05:16"
221,24.19,Childish Gambino,"31 Oct 2021, 05:11"
222,Nights Like This (feat. Ty Dolla $ign),Kehlani,"31 Oct 2021, 04:07"
223,It's You,Ali Gatie,"31 Oct 2021, 04:04"
224,Drive On,Niki,"31 Oct 2021, 02:09"
225,Lose,Niki,"31 Oct 2021, 02:05"
226,in my head,Ariana Grande,"31 Oct 2021, 02:01"
227,Location,Khalid,"31 Oct 2021, 01:58"
228,Wide Open (Foreword),Niki,"31 Oct 2021, 01:55"
229,Say You Won't Let Go,James Arthur,"31 Oct 2021, 01:52"
230,Back in Black,AC/DC,"30 Oct 2021, 20:47"
231,SUMMER,BROCKHAMPTON,"30 Oct 2021, 20:14"
232,Jaded,Drake,"30 Oct 2021, 05:54"
233,Poison,Brent Faiyaz,"30 Oct 2021, 05:50"
234,Infrunami,Steve Lacy,"30 Oct 2021, 05:47"
235,Don't Pretend (feat. SAFE),Khalid,"30 Oct 2021, 05:44"
236,Nowhere To Run (feat. Bryson Tiller),Ryan Trey,"30 Oct 2021, 05:41"
237,I Sip,Tory Lanez,"30 Oct 2021, 05:37"
238,Hard Place,H.E.R.,"30 Oct 2021, 05:33"
239,Tonight,Summer Walker,"30 Oct 2021, 05:30"
240,Nomad,Zion.T,"30 Oct 2021, 05:27"
241,One I Want (feat. PARTYNEXTDOOR),Majid Jordan,"30 Oct 2021, 05:23"
242,Bed Peace,Jhené Aiko,"30 Oct 2021, 05:19"
243,Easy,Mac Ayres,"30 Oct 2021, 05:14"
244,Fire & Desire,Drake,"30 Oct 2021, 05:10"
245,Come Thru (with Usher),Summer Walker,"30 Oct 2021, 05:06"
246,"Gravity (feat. Tyler, The Creator)",Brent Faiyaz,"30 Oct 2021, 05:03"
247,The Weekend - Funk Wav Remix,SZA,"30 Oct 2021, 05:00"
248,People Talk,Etana,"29 Oct 2021, 15:10"
249,People Talk,Etana,"29 Oct 2021, 02:30"
250,To The Top,Twin Shadow,"28 Oct 2021, 19:11"
251,Signs of Life,Arcade Fire,"28 Oct 2021, 18:55"
252,Sympathy For The Devil - 50th Anniversary Edition,The Rolling Stones,"28 Oct 2021, 18:48"
253,Legend Has It,Run the Jewels,"28 Oct 2021, 18:34"
254,Are You Lonely,Steve Aoki,"28 Oct 2021, 18:26"
255,Your Song,Elton John,"28 Oct 2021, 18:22"
256,GOD.,Kendrick Lamar,"28 Oct 2021, 18:18"
257,Feels Right,Carly Rae Jepsen,"28 Oct 2021, 18:15"
258,Classic,MKTO,"28 Oct 2021, 04:41"
259,Classic,MKTO,"28 Oct 2021, 04:34"
260,Hold Me Just Because,Madeon,"27 Oct 2021, 02:22"
261,Every Summertime,Niki,"27 Oct 2021, 02:18"
262,Until I Bleed Out,The Weeknd,"26 Oct 2021, 01:14"
263,Stay with Me,Sam Smith,"26 Oct 2021, 01:11"
264,Boscage,Hydelic,"26 Oct 2021, 01:08"
265,The Stroke - Remastered,Billy Squier,"26 Oct 2021, 01:05"
266,The Line,Foo Fighters,"26 Oct 2021, 01:01"
267,Easy on Me,Adele,"26 Oct 2021, 00:57"
268,Versace on the Floor,Bruno Mars,"26 Oct 2021, 00:18"
269,Heavy With Hoping,Madeon,"26 Oct 2021, 00:14"
270,Perfecto,Mac Miller,"26 Oct 2021, 00:10"
271,Future Days,Pearl Jam,"24 Oct 2021, 20:39"
272,Every Summertime,Niki,"24 Oct 2021, 20:35"
273,Leave the Door Open,Bruno Mars,"24 Oct 2021, 20:31"
274,Never More,平田志穂子,"24 Oct 2021, 20:24"
275,Scared to Live,The Weeknd,"24 Oct 2021, 20:22"
276,Playing Around Before the Party Starts,Childish Gambino,"24 Oct 2021, 20:04"
277,Come Down,Anderson .Paak,"24 Oct 2021, 20:01"
278,Scared to Live,The Weeknd,"24 Oct 2021, 19:56"
279,YEAH RIGHT,Joji,"24 Oct 2021, 19:51"
280,24.19,Childish Gambino,"24 Oct 2021, 19:33"
281,Scared to Live,The Weeknd,"24 Oct 2021, 19:28"
282,Hardest to Love,The Weeknd,"24 Oct 2021, 19:25"
283,Easy on Me,Adele,"24 Oct 2021, 04:27"
284,Future Days,Pearl Jam,"24 Oct 2021, 03:54"
285,I Believe in You (feat. Francis and the Lights),Kacy Hill,"24 Oct 2021, 03:29"
286,Once a Day,Mac Miller,"24 Oct 2021, 03:26"
287,Selene,Niki,"24 Oct 2021, 03:23"
288,DEAR LORD,BROCKHAMPTON,"24 Oct 2021, 03:21"
289,Fuck No (feat. Brasstracks & PhiloSofie),99 NEIGHBORS,"24 Oct 2021, 03:17"
290,Save Your Tears (with Ariana Grande) (Remix),The Weeknd,"24 Oct 2021, 03:14"
291,Family Ties (with Kendrick Lamar),Baby Keem,"24 Oct 2021, 03:09"
292,Stay High - Childish Gambino Version,Childish Gambino,"24 Oct 2021, 03:06"
293,Seasons Bloom,Kacy Hill,"24 Oct 2021, 03:02"
294,I Couldn't Wait,Kacy Hill,"24 Oct 2021, 02:59"
295,Easy on Me,Adele,"24 Oct 2021, 02:55"
296,Scared to Live,The Weeknd,"24 Oct 2021, 01:20"
297,Palladium,Kacy Hill,"24 Oct 2021, 01:06"
298,Start a Riot,Duckwrth,"24 Oct 2021, 01:04"
299,"Simple, Sweet, and Smiling",Kacy Hill,"24 Oct 2021, 00:40"
300,The Right Time,Kacy Hill,"24 Oct 2021, 00:37"
301,I Couldn't Wait,Kacy Hill,"24 Oct 2021, 00:33"
302,Seasons Bloom,Kacy Hill,"24 Oct 2021, 00:33"
303,I Couldn't Wait,Kacy Hill,"24 Oct 2021, 00:31"
304,Easy on Me,Adele,"24 Oct 2021, 00:27"
305,Bed Peace,Jhené Aiko,"23 Oct 2021, 01:17"
306,Nomad,Zion.T,"23 Oct 2021, 01:14"
307,Easy,Mac Ayres,"23 Oct 2021, 01:10"
308,The Ways (with Swae Lee),Khalid,"23 Oct 2021, 01:10"
309,Easy,Mac Ayres,"23 Oct 2021, 01:05"
310,Until I Bleed Out,The Weeknd,"23 Oct 2021, 01:04"
311,Until I Bleed Out,The Weeknd,"23 Oct 2021, 01:01"
312,Unconditional,Kehlani,"23 Oct 2021, 00:58"
313,In Between,dvsn,"23 Oct 2021, 00:55"
314,"Gravity (feat. Tyler, The Creator)",Brent Faiyaz,"23 Oct 2021, 00:51"
315,Naked - Bonus Track,Ella Mai,"23 Oct 2021, 00:48"
316,Sho Is Hype,Volume 10,"23 Oct 2021, 00:43"
317,Retro [Rough],Childish Gambino,"23 Oct 2021, 00:24"
318,Easy on Me,Adele,"23 Oct 2021, 00:23"
319,Easy on Me,Adele,"23 Oct 2021, 00:19"
320,Too Good at Goodbyes,Sam Smith,"22 Oct 2021, 23:59"
321,Shining Star,"Earth, Wind & Fire","22 Oct 2021, 23:52"
322,You Are the Reason,Calum Scott,"22 Oct 2021, 23:44"
323,SLOW DANCING IN THE DARK,Joji,"22 Oct 2021, 23:42"
324,Your Song,Elton John,"22 Oct 2021, 23:36"
325,Moth To A Flame (with The Weeknd),Swedish House Mafia,"22 Oct 2021, 23:33"
326,The Stars,Kacy Hill,"22 Oct 2021, 23:20"
327,Hope,Hydelic,"22 Oct 2021, 23:17"
328,Lift Yourself,Kanye West,"22 Oct 2021, 23:15"
329,Stay High - Childish Gambino Version,Childish Gambino,"22 Oct 2021, 23:11"
330,Fire In The Sky,Anderson .Paak,"22 Oct 2021, 23:08"
331,The Stars,Kacy Hill,"22 Oct 2021, 23:04"
332,Easy Going,Kacy Hill,"22 Oct 2021, 23:00"
333,Mochi's Interlude,Kacy Hill,"22 Oct 2021, 22:59"
334,Caterpillars,Kacy Hill,"22 Oct 2021, 22:56"
335,So Loud,Kacy Hill,"22 Oct 2021, 22:52"
336,Walking at Midnight,Kacy Hill,"22 Oct 2021, 22:49"
337,"Simple, Sweet, and Smiling",Kacy Hill,"22 Oct 2021, 22:45"
338,The Right Time,Kacy Hill,"22 Oct 2021, 22:42"
339,Seasons Bloom,Kacy Hill,"22 Oct 2021, 22:38"
340,I Couldn't Wait,Kacy Hill,"22 Oct 2021, 22:36"
341,Easy on Me,Adele,"22 Oct 2021, 22:32"
342,Keep My Spirit Alive,Kanye West,"22 Oct 2021, 22:28"
343,Donda,Kanye West,"22 Oct 2021, 22:26"
344,Heaven and Hell,Kanye West,"22 Oct 2021, 22:24"
345,Moon,Kanye West,"22 Oct 2021, 22:21"
346,Remote Control,Kanye West,"22 Oct 2021, 22:18"
347,24,Kanye West,"22 Oct 2021, 22:15"
348,Believe What I Say,Kanye West,"22 Oct 2021, 22:11"
349,Junya,Kanye West,"22 Oct 2021, 22:08"
350,Ok Ok,Kanye West,"22 Oct 2021, 22:05"
351,Jonah,Kanye West,"22 Oct 2021, 22:01"
352,Praise God,Kanye West,"22 Oct 2021, 21:58"
353,Hurricane,Kanye West,"22 Oct 2021, 21:54"
354,Off the Grid,Kanye West,"22 Oct 2021, 21:48"
355,God Breathed,Kanye West,"22 Oct 2021, 21:42"
356,Jail,Kanye West,"22 Oct 2021, 21:38"
357,Never More,平田志穂子,"22 Oct 2021, 21:22"
358,Signs Of Love,平田志穂子,"22 Oct 2021, 21:19"
359,"Heartbeat,Heartbreak",平田志穂子,"22 Oct 2021, 21:17"
360,Fire In The Sky,Anderson .Paak,"22 Oct 2021, 21:13"
361,Ms. Jackson,OutKast,"22 Oct 2021, 21:09"
362,Family Ties (with Kendrick Lamar),Baby Keem,"22 Oct 2021, 21:06"
363,Family Ties (with Kendrick Lamar),Baby Keem,"22 Oct 2021, 21:03"
364,Stay High - Childish Gambino Version,Childish Gambino,"22 Oct 2021, 20:59"
365,Somebody That I Used to Know,Gotye,"22 Oct 2021, 20:56"
366,Another You,Kacy Hill,"22 Oct 2021, 20:53"
367,The Stars,Kacy Hill,"22 Oct 2021, 20:50"
368,Easy Going,Kacy Hill,"22 Oct 2021, 20:47"
369,Mochi's Interlude,Kacy Hill,"22 Oct 2021, 20:45"
370,Caterpillars,Kacy Hill,"22 Oct 2021, 20:42"
371,So Loud,Kacy Hill,"22 Oct 2021, 20:39"
372,Walking at Midnight,Kacy Hill,"22 Oct 2021, 20:35"
373,"Simple, Sweet, and Smiling",Kacy Hill,"22 Oct 2021, 20:30"
374,The Right Time,Kacy Hill,"22 Oct 2021, 20:27"
375,Seasons Bloom,Kacy Hill,"22 Oct 2021, 20:24"
376,I Couldn't Wait,Kacy Hill,"22 Oct 2021, 20:21"
377,Easy on Me,Adele,"22 Oct 2021, 20:18"
378,Walking at Midnight,Kacy Hill,"22 Oct 2021, 18:52"
379,"Simple, Sweet, and Smiling",Kacy Hill,"22 Oct 2021, 18:34"
380,The Right Time,Kacy Hill,"22 Oct 2021, 18:31"
381,Seasons Bloom,Kacy Hill,"22 Oct 2021, 18:27"
382,I Couldn't Wait,Kacy Hill,"22 Oct 2021, 18:25"
383,Easy on Me,Adele,"22 Oct 2021, 18:21"
384,Easy on Me,Adele,"22 Oct 2021, 18:17"
385,Seasons Bloom,Kacy Hill,"22 Oct 2021, 17:05"
386,I Couldn't Wait,Kacy Hill,"22 Oct 2021, 17:03"
387,Easy on Me,Adele,"21 Oct 2021, 07:36"
388,FABRIC,BROCKHAMPTON,"21 Oct 2021, 02:52"
389,TONYA,BROCKHAMPTON,"21 Oct 2021, 02:47"
390,SAN MARCOS,BROCKHAMPTON,"21 Oct 2021, 02:42"
391,VIVID,BROCKHAMPTON,"21 Oct 2021, 02:40"
392,HONEY,BROCKHAMPTON,"21 Oct 2021, 02:36"
393,J'OUVERT,BROCKHAMPTON,"21 Oct 2021, 02:32"
394,TAPE,BROCKHAMPTON,"21 Oct 2021, 02:29"
395,DISTRICT,BROCKHAMPTON,"21 Oct 2021, 02:25"
396,WEIGHT,BROCKHAMPTON,"21 Oct 2021, 02:21"
397,SOMETHING ABOUT HIM,BROCKHAMPTON,"21 Oct 2021, 02:19"
398,BERLIN,BROCKHAMPTON,"21 Oct 2021, 02:16"
399,THUG LIFE,BROCKHAMPTON,"21 Oct 2021, 02:14"
400,NEW ORLEANS,BROCKHAMPTON,"21 Oct 2021, 02:09"
401,Take My Breath,The Weeknd,"20 Oct 2021, 18:29"
402,Palladium,Kacy Hill,"31 Oct 2021, 15:40"
403,Every Summertime,Niki,"20 Oct 2021, 18:15"
404,Skate,Bruno Mars,"20 Oct 2021, 18:12"
405,Fire In The Sky,Anderson .Paak,"20 Oct 2021, 18:08"
406,Stay High - Childish Gambino Version,Childish Gambino,"20 Oct 2021, 18:04"
407,Fragments of Time (feat. Todd Edwards),Daft Punk,"20 Oct 2021, 04:48"
408,Junya Pt 2,Kanye West,"20 Oct 2021, 04:45"
409,Signs Of Love,平田志穂子,"20 Oct 2021, 04:43"
410,Jump Around,House of Pain,"20 Oct 2021, 04:39"
411,Tragic Endings (feat. Skylar Grey),Eminem,"20 Oct 2021, 04:35"
412,Perm,Bruno Mars,"20 Oct 2021, 04:32"
413,Good Life,Kanye West,"20 Oct 2021, 04:28"
414,Scared of the Dark (feat. XXXTENTACION),Lil Wayne,"20 Oct 2021, 04:24"
415,Weekend (feat. Miguel),Mac Miller,"20 Oct 2021, 04:21"
416,Inbetween Days,The Cure,"20 Oct 2021, 04:18"
417,Slam Jam!,YUNG BAE,"20 Oct 2021, 04:14"
418,Steppin' Out,Joe Jackson,"20 Oct 2021, 04:10"
419,Chunky,Bruno Mars,"20 Oct 2021, 04:07"
420,Somebody That I Used to Know,Gotye,"20 Oct 2021, 04:03"
421,Family Ties (with Kendrick Lamar),Baby Keem,"20 Oct 2021, 04:00"
422,Stay High - Childish Gambino Version,Childish Gambino,"20 Oct 2021, 03:56"
423,"December, 1963 (Oh What A Night!)",Frankie Valli & the Four Seasons,"20 Oct 2021, 00:54"
424,Boyer,Kevin Abstract,"20 Oct 2021, 00:52"
425,Go,The Chemical Brothers,"20 Oct 2021, 00:47"
426,Never More,平田志穂子,"19 Oct 2021, 03:22"
427,"Heartbeat,Heartbreak",平田志穂子,"19 Oct 2021, 03:18"
428,Fire In The Sky,Anderson .Paak,"19 Oct 2021, 03:14"
429,Ms. Jackson,OutKast,"19 Oct 2021, 03:10"
430,Family Ties (with Kendrick Lamar),Baby Keem,"19 Oct 2021, 03:06"
431,Stay High - Childish Gambino Version,Childish Gambino,"19 Oct 2021, 03:02"
432,Ms. Jackson,OutKast,"17 Oct 2021, 20:52"
433,Family Ties (with Kendrick Lamar),Baby Keem,"17 Oct 2021, 20:18"
434,"Simple, Sweet, and Smiling",Kacy Hill,"17 Oct 2021, 19:29"
435,Stay High - Childish Gambino Version,Childish Gambino,"17 Oct 2021, 19:25"
436,The Right Time,Kacy Hill,"17 Oct 2021, 19:22"
437,Sober,Childish Gambino,"17 Oct 2021, 18:59"
438,Donda,Kanye West,"17 Oct 2021, 17:52"
439,Heaven and Hell,Kanye West,"17 Oct 2021, 17:38"
440,Moon,Kanye West,"17 Oct 2021, 17:35"
441,Hey There Delilah,Plain White T's,"17 Oct 2021, 03:00"
442,Caterpillars,Kacy Hill,"17 Oct 2021, 02:18"
443,So Loud,Kacy Hill,"17 Oct 2021, 02:00"
444,Walking at Midnight,Kacy Hill,"17 Oct 2021, 01:57"
445,"Simple, Sweet, and Smiling",Kacy Hill,"17 Oct 2021, 01:53"
446,The Right Time,Kacy Hill,"17 Oct 2021, 01:50"
447,Seasons Bloom,Kacy Hill,"17 Oct 2021, 01:46"
448,"Simple, Sweet, and Smiling",Kacy Hill,"17 Oct 2021, 01:29"
449,Seasons Bloom,Kacy Hill,"17 Oct 2021, 01:11"
450,I Couldn't Wait,Kacy Hill,"17 Oct 2021, 01:08"
451,Echo,Trapt,"16 Oct 2021, 22:08"
452,Touch (feat. Paul Williams),Daft Punk,"16 Oct 2021, 21:49"
453,Happier,Ed Sheeran,"16 Oct 2021, 21:47"
454,NITROUS,Joji,"16 Oct 2021, 21:43"
455,Firework,Hollywood Principle,"16 Oct 2021, 21:40"
456,GINGER,BROCKHAMPTON,"16 Oct 2021, 21:36"
457,Ophelia - Remastered 2000,The Band,"16 Oct 2021, 21:30"
458,HEARTBREAK ANNIVERSARY,Giveon,"16 Oct 2021, 21:26"
459,DEAR LORD,BROCKHAMPTON,"16 Oct 2021, 21:24"
460,Father Stretch My Hands Pt. 1,Kanye West,"16 Oct 2021, 21:20"
461,Yesterday - Remastered 2009,The Beatles,"16 Oct 2021, 21:20"
462,Yesterday - Remastered 2009,The Beatles,"16 Oct 2021, 21:18"
463,Dark Fantasy,Kanye West,"16 Oct 2021, 21:13"
464,Corpus Christi,Kevin Abstract,"16 Oct 2021, 21:13"
465,Dark Fantasy,Kanye West,"16 Oct 2021, 21:08"
466,Everlong,Foo Fighters,"16 Oct 2021, 21:05"
467,WUSYANAME (feat. Youngboy Never Broke Again & Ty Dolla $ign),"Tyler, The Creator","16 Oct 2021, 21:03"
468,NO HALO,BROCKHAMPTON,"16 Oct 2021, 20:59"
469,Shining Star,"Earth, Wind & Fire","16 Oct 2021, 20:55"
470,yankee and the brave (ep. 4),Run the Jewels,"16 Oct 2021, 20:53"
471,It's Time for Change..,Arpa D.,"16 Oct 2021, 20:49"
472,OLD NEWS (feat. BAIRD),BROCKHAMPTON,"16 Oct 2021, 20:46"
473,65th & Ingleside,Chance the Rapper,"16 Oct 2021, 20:41"
474,Barry Bonds,Kanye West,"16 Oct 2021, 20:30"
475,Can't Tell Me Nothing,Kanye West,"16 Oct 2021, 20:26"
476,Good Life,Kanye West,"16 Oct 2021, 20:22"
477,I Wonder,Kanye West,"16 Oct 2021, 20:18"
478,Stronger,Kanye West,"16 Oct 2021, 20:13"
479,Champion,Kanye West,"16 Oct 2021, 20:10"
480,Good Morning,Kanye West,"16 Oct 2021, 20:06"
481,"Finish Line / Drown (feat. T-Pain, Kirk Franklin, Eryn Allen Kane & Noname)",Chance the Rapper,"16 Oct 2021, 20:03"
482,Natural,Imagine Dragons,"16 Oct 2021, 20:00"
483,Stay High - Childish Gambino Version,Childish Gambino,"16 Oct 2021, 19:57"
484,WHAT'S THE OCCASION?,BROCKHAMPTON,"16 Oct 2021, 19:54"
485,Not Going Back,Childish Gambino,"16 Oct 2021, 19:48"
486,Yesterday,Imagine Dragons,"16 Oct 2021, 19:45"
487,Miracle,Madeon,"16 Oct 2021, 19:28"
488,Room Service,Chromeo,"16 Oct 2021, 18:44"
489,Poke,Childish Gambino,"16 Oct 2021, 18:34"
490,Until I Bleed Out,The Weeknd,"16 Oct 2021, 18:31"
491,Afterthought,Joji,"16 Oct 2021, 18:27"
492,Sour Candy (with BLACKPINK),Lady Gaga,"16 Oct 2021, 18:24"
493,No Child Left Behind,Kanye West,"16 Oct 2021, 18:21"
494,Come to Life,Kanye West,"16 Oct 2021, 18:16"
495,Pure Souls,Kanye West,"16 Oct 2021, 18:10"
496,Lord I Need You,Kanye West,"16 Oct 2021, 18:07"
497,Tell the Vision,Kanye West,"16 Oct 2021, 18:06"
498,New Again,Kanye West,"16 Oct 2021, 18:03"
499,Jesus Lord,Kanye West,"16 Oct 2021, 17:56"
500,Keep My Spirit Alive,Kanye West,"16 Oct 2021, 17:52"
501,24,Kanye West,"16 Oct 2021, 17:48"
502,Believe What I Say,Kanye West,"16 Oct 2021, 17:44"
503,Junya,Kanye West,"16 Oct 2021, 17:42"
504,More Than Words,Extreme,"16 Oct 2021, 17:27"
505,The Palisades,Childish Gambino,"16 Oct 2021, 17:26"
506,Saturdays (feat. HAIM),Twin Shadow,"16 Oct 2021, 17:20"
507,FABRIC,BROCKHAMPTON,"16 Oct 2021, 17:15"
508,Modern Loneliness,Lauv,"16 Oct 2021, 17:12"
509,O-o-h Child,The Five Stairsteps,"16 Oct 2021, 17:04"
510,Somebody To Love - Remastered 2011,Queen,"16 Oct 2021, 16:59"
511,JOHNNY,BROCKHAMPTON,"16 Oct 2021, 16:54"
512,Retribution Blues,One Bad Son,"16 Oct 2021, 16:50"
513,The Stars,Kacy Hill,"16 Oct 2021, 16:47"
514,Easy Going,Kacy Hill,"16 Oct 2021, 16:45"
515,Mochi's Interlude,Kacy Hill,"16 Oct 2021, 16:43"
516,Caterpillars,Kacy Hill,"16 Oct 2021, 16:40"
517,So Loud,Kacy Hill,"16 Oct 2021, 16:37"
518,Walking at Midnight,Kacy Hill,"16 Oct 2021, 16:33"
519,"Simple, Sweet, and Smiling",Kacy Hill,"16 Oct 2021, 16:29"
520,The Right Time,Kacy Hill,"16 Oct 2021, 16:26"
521,Seasons Bloom,Kacy Hill,"16 Oct 2021, 16:23"
522,I Couldn't Wait,Kacy Hill,"16 Oct 2021, 16:20"
523,Blockades,Muse,"16 Oct 2021, 04:23"
524,The Miracle (Of Joey Ramone),U2,"16 Oct 2021, 03:50"
525,Growing Up (Feat. Ed Sheeran),Macklemore,"16 Oct 2021, 03:45"
526,All My Friends,Madeon,"16 Oct 2021, 00:17"
527,Hard Place,H.E.R.,"16 Oct 2021, 00:13"
528,I. The Party,Childish Gambino,"16 Oct 2021, 00:11"
529,A Report to the Shareholders / Kill Your Masters,Run the Jewels,"15 Oct 2021, 06:25"
530,Stay High - Childish Gambino Version,Childish Gambino,"15 Oct 2021, 06:06"
531,TEAM,BROCKHAMPTON,"15 Oct 2021, 02:22"
532,SISTER/NATION,BROCKHAMPTON,"15 Oct 2021, 02:16"
533,Sunflower - Spider-Man: Into the Spider-Verse,Post Malone,"15 Oct 2021, 02:12"
534,Can't Tell Me Nothing,Kanye West,"15 Oct 2021, 02:07"
535,Fire In The Sky,Anderson .Paak,"15 Oct 2021, 02:04"
536,Ms. Jackson,OutKast,"15 Oct 2021, 01:59"
537,Family Ties (with Kendrick Lamar),Baby Keem,"15 Oct 2021, 01:55"
538,Stay High - Childish Gambino Version,Childish Gambino,"15 Oct 2021, 01:51"
539,Stay High - Childish Gambino Version,Childish Gambino,"15 Oct 2021, 01:32"
540,Family Ties (with Kendrick Lamar),Baby Keem,"15 Oct 2021, 00:37"
541,Stay High - Childish Gambino Version,Childish Gambino,"15 Oct 2021, 00:36"
542,Killer Queen,5 Seconds of Summer,"15 Oct 2021, 00:32"
543,TEAM,BROCKHAMPTON,"14 Oct 2021, 21:35"
544,How Sway,Thundercat,"14 Oct 2021, 21:34"
545,Chains,Hydelic,"14 Oct 2021, 21:30"
546,Under Pressure - Remastered 2011,Queen,"14 Oct 2021, 21:26"
547,Somebody That I Used to Know,Gotye,"14 Oct 2021, 15:10"
548,the ground below,Run the Jewels,"14 Oct 2021, 01:53"
549,ALASKA,BROCKHAMPTON,"14 Oct 2021, 01:49"
550,HEAVEN BELONGS TO YOU,BROCKHAMPTON,"14 Oct 2021, 01:47"
551,Dunno,Mac Miller,"14 Oct 2021, 01:44"
552,Stay High - Childish Gambino Version,Childish Gambino,"14 Oct 2021, 01:40"
553,The Pale Moonlight,Kid Cudi,"14 Oct 2021, 00:43"
554,Fire In The Sky,Anderson .Paak,"14 Oct 2021, 00:39"
555,Ms. Jackson,OutKast,"14 Oct 2021, 00:35"
556,Stay High - Childish Gambino Version,Childish Gambino,"14 Oct 2021, 00:30"
557,JOHNNY,BROCKHAMPTON,"13 Oct 2021, 16:32"
558,Family Ties (with Kendrick Lamar),Baby Keem,"10 Oct 2021, 21:52"
559,Ms. Jackson,OutKast,"10 Oct 2021, 08:23"
560,Family Ties (with Kendrick Lamar),Baby Keem,"09 Oct 2021, 17:10"
561,Hurricane,Kanye West,"07 Oct 2021, 03:32"
562,Jail,Kanye West,"07 Oct 2021, 02:58"
563,Fire In The Sky,Anderson .Paak,"07 Oct 2021, 02:55"
564,Ms. Jackson,OutKast,"07 Oct 2021, 00:43"
565,Down (feat. Joi),Run the Jewels,"06 Oct 2021, 00:22"
566,Amazing,Kanye West,"05 Oct 2021, 23:57"
567,Ophelia - Remastered 2000,The Band,"05 Oct 2021, 23:57"
568,Ophelia - Remastered 2000,The Band,"05 Oct 2021, 23:54"
569,Naked - Bonus Track,Ella Mai,"05 Oct 2021, 23:50"
570,RUNITUP (feat. Teezo Touchdown),"Tyler, The Creator","05 Oct 2021, 23:47"
571,Fire In The Sky,Anderson .Paak,"05 Oct 2021, 23:43"
572,Ms. Jackson,OutKast,"05 Oct 2021, 02:08"
573,CHAIN ON (feat. JPEGMAFIA),BROCKHAMPTON,"05 Oct 2021, 02:08"
574,We Don't Care,Kanye West,"05 Oct 2021, 02:02"
575,Die For It (ft. Nas),Belly,"05 Oct 2021, 01:59"
576,Take My Breath,The Weeknd,"05 Oct 2021, 01:55"
577,Waves,Kanye West,"05 Oct 2021, 01:51"
578,JUGGERNAUT (feat. Lil Uzi Vert & Pharrell Williams),"Tyler, The Creator","05 Oct 2021, 01:48"
579,Jail,Kanye West,"05 Oct 2021, 01:43"
580,JEREMIAH - ORIGINAL,BROCKHAMPTON,"05 Oct 2021, 01:40"
581,Fire In The Sky,Anderson .Paak,"05 Oct 2021, 01:39"
582,Bloody Waters (with Anderson .Paak & James Blake),Ab-Soul,"05 Oct 2021, 01:31"
583,Easy,Mac Ayres,"05 Oct 2021, 01:25"
584,Monster,Imagine Dragons,"05 Oct 2021, 01:22"
585,LOYALTY. FEAT. RIHANNA.,Kendrick Lamar,"05 Oct 2021, 01:22"
586,Monster,Imagine Dragons,"05 Oct 2021, 01:17"
587,The Ways (with Swae Lee),Khalid,"05 Oct 2021, 01:13"
588,"Anywhere (feat. Snoop Dogg & the Last Artful, Dodgr)",Anderson .Paak,"05 Oct 2021, 01:13"
589,Marmalade (feat. Lil Yachty),Macklemore,"05 Oct 2021, 01:10"
590,"Anywhere (feat. Snoop Dogg & the Last Artful, Dodgr)",Anderson .Paak,"05 Oct 2021, 01:10"
591,Marmalade (feat. Lil Yachty),Macklemore,"05 Oct 2021, 01:05"
592,Freaks And Geeks,Childish Gambino,"05 Oct 2021, 01:02"
593,Digital Love,Daft Punk,"05 Oct 2021, 00:56"
594,A Little Bit,Phat Phunktion,"05 Oct 2021, 00:52"
595,CHAIN ON (feat. JPEGMAFIA),BROCKHAMPTON,"05 Oct 2021, 00:49"
596,New Again,Kanye West,"05 Oct 2021, 00:45"
597,When You're Wrong,Twin Shadow,"05 Oct 2021, 00:41"
598,Come Back to Earth,Mac Miller,"05 Oct 2021, 00:38"
599,Somebody To Love - Remastered 2011,Queen,"04 Oct 2021, 15:40"
600,Fire Flies,Gorillaz,"04 Oct 2021, 15:36"
601,Fire In The Sky,Anderson .Paak,"04 Oct 2021, 15:33"
602,Take My Breath,The Weeknd,"04 Oct 2021, 03:32"
603,Palladium,Kacy Hill,"31 Oct 2021, 15:40"
604,Ms. Jackson,OutKast,"04 Oct 2021, 03:14"
605,Run,Joji,"04 Oct 2021, 00:28"
606,JEREMIAH - ORIGINAL,BROCKHAMPTON,"04 Oct 2021, 00:25"
607,Hurricane,Kanye West,"03 Oct 2021, 22:42"
608,Jail,Kanye West,"03 Oct 2021, 22:37"
609,Fire In The Sky,Anderson .Paak,"03 Oct 2021, 22:34"
610,Blinding Lights,The Weeknd,"03 Oct 2021, 21:31"
611,35.31,Childish Gambino,"03 Oct 2021, 21:28"
612,Invincible,Aminé,"02 Oct 2021, 23:53"
613,Sanctuary,Joji,"02 Oct 2021, 23:50"
614,Small Worlds,Mac Miller,"02 Oct 2021, 23:44"
615,Jonah,Kanye West,"02 Oct 2021, 23:41"
616,Water,Kanye West,"02 Oct 2021, 23:36"
617,Freestyle 4,Kanye West,"02 Oct 2021, 23:35"
618,Freestyle 4,Kanye West,"02 Oct 2021, 23:33"
619,BERLIN,BROCKHAMPTON,"02 Oct 2021, 23:30"
620,"Carry On (from the Original Motion Picture ""POKÉMON Detective Pikachu"")",Kygo,"02 Oct 2021, 23:26"
621,Ooh LA LA (feat. Greg Nice & DJ Premier),Run the Jewels,"02 Oct 2021, 23:25"
622,Immigrant Song - Remaster,Led Zeppelin,"02 Oct 2021, 23:22"
623,The Bomb,Pigeon John,"02 Oct 2021, 23:19"
624,Touch (feat. Paul Williams),Daft Punk,"02 Oct 2021, 23:14"
625,Ashamed,Omar Apollo,"02 Oct 2021, 23:11"
626,Maneater,Daryl Hall & John Oates,"02 Oct 2021, 23:06"
627,FIGHT,BROCKHAMPTON,"02 Oct 2021, 23:03"
628,Firework,Hollywood Principle,"02 Oct 2021, 23:00"
629,Save Your Tears (with Ariana Grande) (Remix),The Weeknd,"02 Oct 2021, 22:57"
630,STUPID,BROCKHAMPTON,"02 Oct 2021, 22:53"
631,Dark Fantasy,Kanye West,"02 Oct 2021, 22:49"
632,See You Again (feat. Kali Uchis),"Tyler, The Creator","02 Oct 2021, 22:46"
633,Versace on the Floor,Bruno Mars,"02 Oct 2021, 22:41"
634,Black Skinhead,Kanye West,"02 Oct 2021, 22:15"
635,Keep My Spirit Alive,Kanye West,"02 Oct 2021, 22:11"
636,Alive,Khalid,"02 Oct 2021, 22:06"
637,If You Leave Me Now,Chicago,"02 Oct 2021, 22:04"
638,Tie Me Down (with Elley Duhé) - Steve Aoki Remix,Gryffin,"02 Oct 2021, 22:01"
639,Off the Grid,Kanye West,"02 Oct 2021, 21:53"
640,Indigo,88Rising,"02 Oct 2021, 21:46"
641,Even Flow,Pearl Jam,"02 Oct 2021, 21:26"
642,Our House (Skit),Chance the Rapper,"02 Oct 2021, 21:25"
643,Hey Kids (Bumaye) (feat. Danny Brown),Run the Jewels,"02 Oct 2021, 21:22"
644,NITROUS,Joji,"02 Oct 2021, 21:20"
645,All My Friends,Madeon,"02 Oct 2021, 21:16"
646,Left to Right,Anderson .Paak,"02 Oct 2021, 21:13"
647,Stressed Out,Twenty One Pilots,"02 Oct 2021, 21:10"
648,A BOY IS A GUN*,"Tyler, The Creator","02 Oct 2021, 20:27"
649,Future Days,Pearl Jam,"02 Oct 2021, 20:22"
650,Guerrilla Radio,Rage Against the Machine,"02 Oct 2021, 20:19"
651,High Hopes (feat. Omar Apollo),Joji,"02 Oct 2021, 20:16"
652,THE LIGHT,BROCKHAMPTON,"02 Oct 2021, 20:12"
653,Too Good at Goodbyes,Sam Smith,"02 Oct 2021, 20:08"
654,Shots,Imagine Dragons,"02 Oct 2021, 20:02"
655,I. Pink Toes,Childish Gambino,"02 Oct 2021, 19:59"
656,Lose Yourself to Dance (feat. Pharrell Williams),Daft Punk,"02 Oct 2021, 19:51"
657,Fortunate Son,Creedence Clearwater Revival,"02 Oct 2021, 19:49"
658,Freaks And Geeks,Childish Gambino,"02 Oct 2021, 19:45"
659,See You Again (feat. Kali Uchis),"Tyler, The Creator","02 Oct 2021, 19:42"
660,untitled 03 | 05.28.2013.,Kendrick Lamar,"02 Oct 2021, 19:40"
661,Fire In The Sky,Anderson .Paak,"02 Oct 2021, 19:36"
662,SIR BAUDELAIRE (feat. DJ Drama),"Tyler, The Creator","02 Oct 2021, 19:34"
663,Born to Run,Bruce Springsteen,"02 Oct 2021, 19:30"
664,Sober,Childish Gambino,"02 Oct 2021, 19:26"
665,Family Business,Kanye West,"02 Oct 2021, 19:21"
666,My Shot,Lin-Manuel Miranda,"02 Oct 2021, 17:45"
667,"Aaron Burr, Sir",Lin-Manuel Miranda,"02 Oct 2021, 17:43"
668,Alexander Hamilton,Leslie Odom Jr.,"02 Oct 2021, 17:39"
669,Keep My Spirit Alive,Kanye West,"02 Oct 2021, 17:36"
670,Blessings (feat. Jamila Woods),Chance the Rapper,"02 Oct 2021, 17:32"
671,BOY BYE,BROCKHAMPTON,"02 Oct 2021, 17:29"
672,The Hype,Twenty One Pilots,"02 Oct 2021, 17:25"
673,Jail,Kanye West,"02 Oct 2021, 17:17"
674,The Middle,Jimmy Eat World,"02 Oct 2021, 17:11"
675,Up,Sing Street,"02 Oct 2021, 17:09"
676,Up,Sing Street,"02 Oct 2021, 17:06"
677,Rain on Me (with Ariana Grande),Lady Gaga,"02 Oct 2021, 17:01"
678,Still Frame,Trapt,"02 Oct 2021, 16:59"
679,Everything Now (continued),Arcade Fire,"02 Oct 2021, 16:57"
680,The Anthem,Good Charlotte,"02 Oct 2021, 16:46"
681,Outside,Childish Gambino,"02 Oct 2021, 16:42"
682,Everybody's Mother,Kacy Hill,"02 Oct 2021, 16:38"
683,Ms. Jackson,OutKast,"02 Oct 2021, 16:34"
684,Second Chances,Imagine Dragons,"02 Oct 2021, 03:02"
685,WHAT'S GOOD,"Tyler, The Creator","02 Oct 2021, 02:40"
686,Fragments of Time (feat. Todd Edwards),Daft Punk,"02 Oct 2021, 02:35"
687,Mixtape (feat. Young Thug & Lil Yachty),Chance the Rapper,"02 Oct 2021, 02:31"
688,Shake Me Down - Live From Guitar Center,Cage the Elephant,"02 Oct 2021, 01:15"
689,Bound 2,Kanye West,"02 Oct 2021, 01:13"
690,Save Your Tears (with Ariana Grande) (Remix),The Weeknd,"02 Oct 2021, 01:10"
691,HEARTBREAK ANNIVERSARY,Giveon,"02 Oct 2021, 01:06"
692,No Money,Galantis,"01 Oct 2021, 23:58"
693,Now That I Found You,Carly Rae Jepsen,"01 Oct 2021, 23:54"
694,Death By Numbers,Childish Gambino,"01 Oct 2021, 21:21"
695,The Sound,Carly Rae Jepsen,"01 Oct 2021, 21:06"
696,Somewhere in Paradise,Killswitch12,"01 Oct 2021, 21:02"
697,To The Top,Twin Shadow,"01 Oct 2021, 20:57"
698,Runaway,Twin Shadow,"01 Oct 2021, 20:53"
699,All My Friends,Madeon,"01 Oct 2021, 20:50"
700,ST. PERCY,BROCKHAMPTON,"01 Oct 2021, 18:59"
701,All My Friends,Madeon,"01 Oct 2021, 18:40"
702,Paint It Black,The Rolling Stones,"01 Oct 2021, 18:37"
703,Growing Up (Feat. Ed Sheeran),Macklemore,"01 Oct 2021, 18:32"
704,Supercut,Lorde,"01 Oct 2021, 05:43"
705,Alive,Sia,"01 Oct 2021, 05:38"
706,Letter Home,Childish Gambino,"01 Oct 2021, 05:36"
707,Are You Lonely,Steve Aoki,"01 Oct 2021, 05:34"
708,Dead Inside,Muse,"01 Oct 2021, 05:29"
709,Halfway Right,Linkin Park,"01 Oct 2021, 05:26"
710,I BEEN BORN AGAIN,BROCKHAMPTON,"01 Oct 2021, 05:22"
711,Straighten Up,Passing Tides,"01 Oct 2021, 05:19"
712,Upgrade,Joji,"01 Oct 2021, 05:17"
713,Come With Me Now,KONGOS,"01 Oct 2021, 05:14"
714,Walk on Water (feat. Beyoncé),Eminem,"01 Oct 2021, 05:09"
715,Corner Store (feat. Dave B & Travis Thompson),Macklemore,"01 Oct 2021, 05:04"
716,Fire In The Sky,Anderson .Paak,"01 Oct 2021, 05:01"
717,Keep My Spirit Alive,Kanye West,"01 Oct 2021, 02:37"
718,Swimming Pools (Drank) (extended version),Kendrick Lamar,"01 Oct 2021, 00:44"
719,Fire In The Sky,Anderson .Paak,"01 Oct 2021, 00:23"
720,The Recipe - Bonus Track,Kendrick Lamar,"01 Oct 2021, 00:09"
721,Ms. Jackson,OutKast,"01 Oct 2021, 00:05"
722,boyfriend (with Social House),Ariana Grande,"30 Sep 2021, 03:56"
723,It's You,Ali Gatie,"30 Sep 2021, 03:52"
724,RPG (feat. 6LACK),Kehlani,"30 Sep 2021, 03:48"
725,Indigo,88Rising,"30 Sep 2021, 03:45"
726,I Don't Care (with Justin Bieber),Ed Sheeran,"30 Sep 2021, 03:42"
727,Get You (feat. Kali Uchis),Daniel Caesar,"30 Sep 2021, 03:37"
728,F You I Love You (feat. Teyana Taylor),KYLE,"30 Sep 2021, 03:33"
729,Numb,croosh,"30 Sep 2021, 03:31"
730,Could've Been (feat. Bryson Tiller),H.E.R.,"30 Sep 2021, 03:26"
731,In Between,dvsn,"30 Sep 2021, 03:23"
732,Pandemonium,Niki,"30 Sep 2021, 03:19"
733,FWU,Kehlani,"30 Sep 2021, 03:16"
734,Newsflash!,Niki,"30 Sep 2021, 03:12"
735,Nights Like This (feat. Ty Dolla $ign),Kehlani,"30 Sep 2021, 03:09"
736,Antisocial (with Travis Scott),Ed Sheeran,"30 Sep 2021, 03:06"
737,comethru,Jeremy Zucker,"30 Sep 2021, 03:03"
738,Footsteps (feat. Musiq Soulchild),Kehlani,"30 Sep 2021, 02:59"
739,South of the Border (feat. Camila Cabello & Cardi B),Ed Sheeran,"30 Sep 2021, 02:55"
740,La Cienega,88rising,"30 Sep 2021, 02:52"
741,better off - filous remix,Jeremy Zucker,"30 Sep 2021, 02:49"
742,NEW MAGIC WAND,"Tyler, The Creator","30 Sep 2021, 02:46"
743,Love,Imagine Dragons,"30 Sep 2021, 02:43"
744,To Someone Else,Kacy Hill,"30 Sep 2021, 02:40"
745,Miracle,Labrinth,"30 Sep 2021, 02:37"
746,Indigo,88Rising,"30 Sep 2021, 02:34"
747,Beautiful Trip,Kid Cudi,"30 Sep 2021, 02:33"
748,Motivation,Normani,"30 Sep 2021, 02:31"
749,Lemonade,Jeremy Passion,"30 Sep 2021, 02:29"
750,Just A Picture,KYLE,"30 Sep 2021, 02:26"
751,Ironic,Alanis Morissette,"30 Sep 2021, 02:23"
752,Ten Tonne Skeleton,Royal Blood,"29 Sep 2021, 23:11"
753,Jail,Kanye West,"29 Sep 2021, 22:49"
754,THUG LIFE,BROCKHAMPTON,"29 Sep 2021, 22:48"
755,Ms. Jackson,OutKast,"29 Sep 2021, 22:43"
756,24,Kanye West,"29 Sep 2021, 06:35"
757,BOOGIE,BROCKHAMPTON,"28 Sep 2021, 00:51"
758,Smells Like Teen Spirit,Nirvana,"26 Sep 2021, 11:06"
759,Falling for U,Peachy!,"26 Sep 2021, 11:04"
760,The Bomb,Pigeon John,"26 Sep 2021, 11:01"
761,Intro,Khalid,"26 Sep 2021, 10:57"
762,LUMBERJACK,"Tyler, The Creator","26 Sep 2021, 10:55"
763,West Coast,Imagine Dragons,"26 Sep 2021, 10:51"
764,Thin Line (feat. Buffalo Madonna),Macklemore,"26 Sep 2021, 10:47"
765,Funny Thing,Thundercat,"26 Sep 2021, 10:45"
766,Coming for You,The Offspring,"26 Sep 2021, 10:41"
767,Down With the Sickness,Disturbed,"26 Sep 2021, 10:36"
768,Town Called Malice,The Jam,"26 Sep 2021, 10:34"
769,V. 3005 - Beach Picnic Version,Childish Gambino,"26 Sep 2021, 10:30"
770,Escape from LA,The Weeknd,"26 Sep 2021, 10:24"
771,Uptown Girl,Billy Joel,"26 Sep 2021, 10:21"
772,Over It (feat. Donna Missal),Macklemore,"26 Sep 2021, 10:17"
773,Take Me Away (feat. Syd),Daniel Caesar,"26 Sep 2021, 10:13"
774,Mississippi,Kevin Abstract,"26 Sep 2021, 10:09"
775,All Falls Down,Kanye West,"26 Sep 2021, 10:06"
776,Intergalactic - Remastered,Beastie Boys,"26 Sep 2021, 10:02"
777,Give Life Back to Music,Daft Punk,"26 Sep 2021, 09:57"
778,Ghost Town,Kanye West,"26 Sep 2021, 09:53"
779,Mr. Hollywood,Joji,"26 Sep 2021, 09:49"
780,Heavy (feat. Kiiara),Linkin Park,"26 Sep 2021, 09:47"
781,Reborn,Kids See Ghosts,"26 Sep 2021, 09:41"
782,Pokka Pokka,Fishmans,"26 Sep 2021, 09:37"
783,Sabotage,Beastie Boys,"26 Sep 2021, 09:34"
784,Sherane a.k.a Master Splinter’s Daughter,Kendrick Lamar,"26 Sep 2021, 09:29"
785,Two of Us,Hydelic,"26 Sep 2021, 09:26"
786,Follow God,Kanye West,"26 Sep 2021, 09:24"
787,Reanimator (feat. Yves Tumor),Joji,"26 Sep 2021, 09:21"
788,I. The Party,Childish Gambino,"26 Sep 2021, 09:20"
789,WHAT'S GOOD,"Tyler, The Creator","26 Sep 2021, 09:16"
790,Littlest Things,Twin Shadow,"26 Sep 2021, 09:13"
791,Motherboard,Daft Punk,"26 Sep 2021, 09:07"
792,Souk Eye,Gorillaz,"26 Sep 2021, 09:02"
793,You're Love,YUNG BAE,"26 Sep 2021, 09:00"
794,JEREMIAH - RMX,BROCKHAMPTON,"26 Sep 2021, 08:57"
795,Wings,Mac Miller,"26 Sep 2021, 08:53"
796,Rich Girl,Hall & Oates,"26 Sep 2021, 08:51"
797,Heavy With Hoping,Madeon,"26 Sep 2021, 08:47"
798,Last Resort,Papa Roach,"26 Sep 2021, 08:43"
799,Self Care,Mac Miller,"26 Sep 2021, 08:38"
800,Dust in the Wind,Kansas,"26 Sep 2021, 08:34"
801,Figure It Out,Royal Blood,"26 Sep 2021, 08:31"
802,Human,Rag'n'Bone Man,"26 Sep 2021, 08:28"
803,Reelin' In The Years,Steely Dan,"26 Sep 2021, 08:23"
804,Palladium,Kacy Hill,"31 Oct 2021, 15:40"
805,Intro,YUNG BAE,"26 Sep 2021, 08:21"
806,Automatically in Love,Carly Rae Jepsen,"26 Sep 2021, 08:18"
807,You've Got a Friend,Carole King,"26 Sep 2021, 08:12"
808,"Tears in Heaven - Acoustic; Live at MTV Unplugged, Bray Film Studios, Windsor, England, UK, 1/16/1992; 2013 Remaster",Eric Clapton,"26 Sep 2021, 08:08"
809,California,Childish Gambino,"26 Sep 2021, 08:05"
810,THE LIGHT,BROCKHAMPTON,"26 Sep 2021, 08:01"
811,All Mine,Kanye West,"26 Sep 2021, 07:59"
812,Mr. Brightside,The Killers,"26 Sep 2021, 07:55"
813,Father Stretch My Hands Pt. 1,Kanye West,"26 Sep 2021, 07:53"
814,Off the Grid,Kanye West,"26 Sep 2021, 07:47"
815,Scared to Live,The Weeknd,"26 Sep 2021, 07:44"
816,Madness,Muse,"26 Sep 2021, 07:39"
817,YAH.,Kendrick Lamar,"26 Sep 2021, 07:37"
818,CORSO,"Tyler, The Creator","26 Sep 2021, 07:34"
819,Pt. 2,Kanye West,"26 Sep 2021, 07:32"
820,35.31,Childish Gambino,"26 Sep 2021, 07:28"
821,Stolen Dance,Milky Chance,"26 Sep 2021, 07:23"
822,Mixtape (feat. Young Thug & Lil Yachty),Chance the Rapper,"26 Sep 2021, 07:18"
823,Calling All My Lovelies,Bruno Mars,"26 Sep 2021, 07:14"
824,Baby Boy,Kevin Abstract,"26 Sep 2021, 07:10"
825,King,Moors,"26 Sep 2021, 07:07"
826,Sh-Boom,The Crew Cuts,"26 Sep 2021, 07:04"
827,Have Some Love,Childish Gambino,"26 Sep 2021, 07:00"
828,DEARLY DEPARTED,BROCKHAMPTON,"26 Sep 2021, 06:55"
829,Fade,Kanye West,"26 Sep 2021, 06:52"
830,Kiki,YUNG BAE,"26 Sep 2021, 06:50"
831,SAN MARCOS,BROCKHAMPTON,"26 Sep 2021, 06:45"
832,Finesse,Bruno Mars,"26 Sep 2021, 06:42"
833,1999 WILDFIRE,BROCKHAMPTON,"26 Sep 2021, 06:38"
834,Dark Fantasy,Kanye West,"26 Sep 2021, 06:33"
835,DUCKWORTH.,Kendrick Lamar,"26 Sep 2021, 06:29"
836,Saint Pablo,Kanye West,"26 Sep 2021, 06:23"
837,Leave the Door Open,Bruno Mars,"26 Sep 2021, 06:19"
838,Roo,Chance the Rapper,"26 Sep 2021, 06:16"
839,Revolving (feat. Marc E. Bassy),YUNG BAE,"26 Sep 2021, 06:13"
840,Don't Look Back In Anger - Remastered,Oasis,"26 Sep 2021, 06:08"
841,It's You,Ali Gatie,"26 Sep 2021, 06:05"
842,lowkey,Niki,"26 Sep 2021, 06:02"
843,The Palisades,Childish Gambino,"26 Sep 2021, 05:59"
844,Be There feat. Brittany Campbell,Brittany Campbell,"26 Sep 2021, 05:54"
845,Sober II (Melodrama),Lorde,"26 Sep 2021, 05:51"
846,Ms. Jackson,OutKast,"26 Sep 2021, 05:47"
847,4 Chords,The Axis of Awesome,"26 Sep 2021, 05:41"
848,You and I,Hydelic,"26 Sep 2021, 05:35"
849,"Solo Dolo, Pt. III",Kid Cudi,"26 Sep 2021, 05:31"
850,24,Kanye West,"26 Sep 2021, 05:27"
851,Deep Dream,Hydelic,"26 Sep 2021, 05:24"
852,Bounce feat. Talib Kweli,Talib Kweli,"26 Sep 2021, 05:22"
853,Fire In The Sky,Anderson .Paak,"26 Sep 2021, 05:18"
854,Uptown Girl,Billy Joel,"25 Sep 2021, 19:46"
855,BLEACH,BROCKHAMPTON,"25 Sep 2021, 19:19"
856,1998 TRUMAN,BROCKHAMPTON,"25 Sep 2021, 19:15"
857,"Downtown (feat. Melle Mel, Grandmaster Caz, Kool Moe Dee & Eric Nally)",Macklemore,"25 Sep 2021, 18:56"
858,Run,Joji,"25 Sep 2021, 18:52"
859,Suck My Kiss,Red Hot Chili Peppers,"25 Sep 2021, 17:44"
860,Memories,Thutmose,"25 Sep 2021, 17:41"
861,Baby Boy,Kevin Abstract,"25 Sep 2021, 17:37"
862,Upgrade,Joji,"25 Sep 2021, 17:35"
863,Don't Stop,YUNG BAE,"25 Sep 2021, 16:02"
864,Dial Up,Childish Gambino,"25 Sep 2021, 16:01"
865,Without You,Low Roar,"25 Sep 2021, 15:57"
866,Freeee (Ghost Town Pt. 2),Kids See Ghosts,"24 Sep 2021, 00:35"
867,Love Me Harder,Ariana Grande,"24 Sep 2021, 00:16"
868,Saturday Nights,Khalid,"24 Sep 2021, 00:13"
869,IV. Sweatpants,Childish Gambino,"24 Sep 2021, 00:05"
870,What Would Meek Do?,Pusha T,"24 Sep 2021, 00:02"
871,Again,Kehlani,"23 Sep 2021, 23:58"
872,She Knows This,Kid Cudi,"23 Sep 2021, 03:29"
873,O-o-h Child,The Five Stairsteps,"23 Sep 2021, 03:11"
874,Black Dog - Remaster,Led Zeppelin,"23 Sep 2021, 03:06"
875,Use Me,Kevin Abstract,"23 Sep 2021, 03:04"
876,Tick Tock,Young Thug,"23 Sep 2021, 02:06"
877,Came and Saw (feat. Rowdy Rebel),Young Stoner Life,"23 Sep 2021, 02:03"
878,What’s Next,Drake,"23 Sep 2021, 02:00"
879,From The Garden (feat. Lil Uzi Vert),Isaiah Rashad,"23 Sep 2021, 01:56"
880,Off the Grid,Kanye West,"23 Sep 2021, 01:51"
881,Family Ties (with Kendrick Lamar),Baby Keem,"23 Sep 2021, 01:47"
882,JUGGERNAUT (feat. Lil Uzi Vert & Pharrell Williams),"Tyler, The Creator","23 Sep 2021, 01:44"
883,Soul Man,Sam & Dave,"23 Sep 2021, 00:59"
884,Testify,Rage Against the Machine,"23 Sep 2021, 00:32"
885,Smithereens,Twenty One Pilots,"23 Sep 2021, 00:08"
886,Get Up and Fight,Muse,"23 Sep 2021, 00:05"
887,ALASKA,BROCKHAMPTON,"23 Sep 2021, 00:00"
888,Hard Place,H.E.R.,"22 Sep 2021, 23:56"
889,Hard Place,H.E.R.,"21 Sep 2021, 00:05"
890,Violent Crimes,Kanye West,"20 Sep 2021, 21:07"
891,Violent Crimes,Kanye West,"19 Sep 2021, 17:14"
892,Small Worlds,Mac Miller,"18 Sep 2021, 17:07"
893,Dark Fantasy,Kanye West,"18 Sep 2021, 17:02"
894,You're Love,YUNG BAE,"18 Sep 2021, 17:00"
895,The Sound,Carly Rae Jepsen,"18 Sep 2021, 16:57"
896,You're Love,YUNG BAE,"18 Sep 2021, 04:24"
897,Black Ass,Rakeem Miles,"18 Sep 2021, 04:23"
898,HEAVEN BELONGS TO YOU,BROCKHAMPTON,"18 Sep 2021, 04:23"
899,God Breathed,Kanye West,"18 Sep 2021, 04:16"
900,Chase Me (feat. Run The Jewels & Big Boi) - Single Version - Music From The Motion Picture Baby Driver,Danger Mouse,"18 Sep 2021, 04:13"
901,Heat,Eminem,"18 Sep 2021, 04:09"
902,GOD.,Kendrick Lamar,"18 Sep 2021, 04:03"
903,Skate,Bruno Mars,"18 Sep 2021, 03:58"
904,JUGGERNAUT (feat. Lil Uzi Vert & Pharrell Williams),"Tyler, The Creator","18 Sep 2021, 03:56"
905,Ms. Jackson,OutKast,"18 Sep 2021, 03:51"
906,Die For It (ft. Nas),Belly,"18 Sep 2021, 03:49"
907,Fire In The Sky,Anderson .Paak,"18 Sep 2021, 03:45"
908,Jail Pt 2,Kanye West,"18 Sep 2021, 03:41"
909,Keep My Spirit Alive,Kanye West,"18 Sep 2021, 03:37"
910,Donda,Kanye West,"18 Sep 2021, 03:34"
911,Heaven and Hell,Kanye West,"18 Sep 2021, 03:32"
912,Moon,Kanye West,"18 Sep 2021, 03:29"
913,God is a woman,Ariana Grande,"17 Sep 2021, 04:01"
914,God is a woman,Ariana Grande,"17 Sep 2021, 03:58"
915,Sanctuary,Joji,"17 Sep 2021, 03:55"
916,Vintage,Niki,"17 Sep 2021, 03:52"
917,Under the Bridge,Red Hot Chili Peppers,"17 Sep 2021, 03:49"
918,NO HALO,BROCKHAMPTON,"17 Sep 2021, 03:44"
919,Airplanes (feat. Hayley Williams),B.o.B,"17 Sep 2021, 03:05"
920,What Would Meek Do?,Pusha T,"17 Sep 2021, 03:03"
921,Want U Back,Cher Lloyd,"17 Sep 2021, 02:59"
922,Picture to Burn,Taylor Swift,"17 Sep 2021, 02:57"
923,Part of Me,Katy Perry,"17 Sep 2021, 02:55"
924,3005,Childish Gambino,"17 Sep 2021, 02:50"
925,JELLO,BROCKHAMPTON,"17 Sep 2021, 00:57"
926,ST. PERCY,BROCKHAMPTON,"17 Sep 2021, 00:53"
927,Instant Crush (feat. Julian Casablancas),Daft Punk,"17 Sep 2021, 00:48"
928,I Wonder,Kanye West,"17 Sep 2021, 00:42"
929,NO HALO,BROCKHAMPTON,"17 Sep 2021, 00:34"
930,Chop Suey!,System of a Down,"16 Sep 2021, 05:23"
931,Perfect Duet (Ed Sheeran & Beyoncé),Ed Sheeran,"16 Sep 2021, 05:19"
932,Runaway,Twin Shadow,"16 Sep 2021, 05:15"
933,GINGER,BROCKHAMPTON,"16 Sep 2021, 02:17"
934,The Hype,Twenty One Pilots,"16 Sep 2021, 02:12"
935,BANKROLL (feat. A$AP Rocky & A$AP Ferg),BROCKHAMPTON,"16 Sep 2021, 02:09"
936,Ms. Jackson,OutKast,"16 Sep 2021, 02:05"
937,Your Song,Elton John,"15 Sep 2021, 23:15"
938,Blessings (feat. Jamila Woods),Chance the Rapper,"15 Sep 2021, 23:08"
939,Ms. Jackson,OutKast,"15 Sep 2021, 23:05"
940,Deathloop: Down the Rabbit Hole (Original Trailer Soundtrack),Sencit,"15 Sep 2021, 22:52"
941,Deathloop: Down the Rabbit Hole (Original Trailer Soundtrack),Sencit,"14 Sep 2021, 15:18"
942,Jail Pt 2,Kanye West,"14 Sep 2021, 03:22"
943,Dark Fantasy,Kanye West,"14 Sep 2021, 03:17"
944,Amazing,Kanye West,"14 Sep 2021, 03:13"
945,God Breathed,Kanye West,"14 Sep 2021, 03:08"
946,Homecoming,Kanye West,"14 Sep 2021, 03:04"
947,Fade,Kanye West,"14 Sep 2021, 03:01"
948,DEAR LORD,BROCKHAMPTON,"14 Sep 2021, 02:59"
949,Praise God,Kanye West,"14 Sep 2021, 02:56"
950,Moon,Kanye West,"14 Sep 2021, 02:52"
951,Ms. Jackson,OutKast,"13 Sep 2021, 23:35"
952,Thrift Shop (feat. Wanz),Macklemore,"12 Sep 2021, 20:07"
953,The Void (Acoustic),Muse,"12 Sep 2021, 20:03"
954,Fire In The Sky,Anderson .Paak,"12 Sep 2021, 20:00"
955,Die For It (ft. Nas),Belly,"12 Sep 2021, 19:26"
956,Blinding Lights,The Weeknd,"12 Sep 2021, 19:07"
957,Real Friends,Kanye West,"12 Sep 2021, 19:03"
958,Back Against the Wall,Cage the Elephant,"12 Sep 2021, 18:58"
959,YEAH RIGHT,Joji,"12 Sep 2021, 18:56"
960,More Than Words,Extreme,"12 Sep 2021, 17:16"
961,Never Be the Same,Phat Phunktion,"12 Sep 2021, 17:12"
962,Mirage,DJ Okawari,"12 Sep 2021, 17:07"
963,Writer in the Dark,Lorde,"12 Sep 2021, 17:07"
964,Writer in the Dark,Lorde,"12 Sep 2021, 17:03"
965,Let's Go (The Royal We),Run the Jewels,"12 Sep 2021, 17:00"
966,Sunshine of Your Love,Cream,"12 Sep 2021, 16:56"
967,Figure It Out,Royal Blood,"12 Sep 2021, 04:00"
968,The Ways (with Swae Lee),Khalid,"12 Sep 2021, 03:56"
969,Freeee (Ghost Town Pt. 2),Kids See Ghosts,"12 Sep 2021, 03:51"
970,Give It Away,Red Hot Chili Peppers,"12 Sep 2021, 03:46"
971,"December, 1963 (Oh What A Night!)",Frankie Valli & the Four Seasons,"12 Sep 2021, 03:44"
972,Kill Jill (feat. Killer Mike & Jeezy),Big Boi,"12 Sep 2021, 03:41"
973,Keep on Loving You,REO Speedwagon,"12 Sep 2021, 03:30"
974,CINEMA 2,BROCKHAMPTON,"12 Sep 2021, 03:29"
975,BIG BOY,BROCKHAMPTON,"12 Sep 2021, 01:44"
976,Innerstellar Love,Thundercat,"12 Sep 2021, 01:34"
977,Jail,Kanye West,"11 Sep 2021, 22:19"
978,Fire In The Sky,Anderson .Paak,"11 Sep 2021, 22:16"
979,The Hype - Berlin,twenty one pilots,"11 Sep 2021, 19:22"
980,Praise God,Kanye West,"11 Sep 2021, 06:02"
981,Propaganda (Acoustic),Muse,"10 Sep 2021, 05:04"
982,Hold You Down,Childish Gambino,"10 Sep 2021, 04:56"
983,Missin' You Like Crazy,Us The Duo,"10 Sep 2021, 04:52"
984,Isn't She Lovely,Daniel Padilla,"10 Sep 2021, 04:49"
985,Count on Me,Bruno Mars,"10 Sep 2021, 04:45"
986,La Vie En Rose,Daniela Andrade,"10 Sep 2021, 03:46"
987,First Choice,Gabe Bondoc,"10 Sep 2021, 03:42"
988,Serendipity,Albert Posis,"10 Sep 2021, 03:37"
989,Bitterlove,Ardhito Pramono,"10 Sep 2021, 03:32"
990,If We'd Never Met,Gabe Bondoc,"10 Sep 2021, 03:29"
991,Rewrite The Stars (with James Arthur & Anne-Marie),James Arthur,"10 Sep 2021, 03:25"
992,Friends (with BloodPop®),Justin Bieber,"10 Sep 2021, 03:21"
993,By Chance (You & I) [Live],JR Aquino,"10 Sep 2021, 03:17"
994,Jail,Kanye West,"10 Sep 2021, 03:12"
995,Handle With Care,JR Aquino,"10 Sep 2021, 03:09"
996,Carry on Wayward Son,Kansas,"10 Sep 2021, 03:04"
997,May I Have This Dance (Remix) [feat. Chance the Rapper],Francis and the Lights,"10 Sep 2021, 03:01"
998,Little Black Submarines - Radio Edit [radio edit],The Black Keys,"10 Sep 2021, 01:08"
999,Dark Fantasy,Kanye West,"10 Sep 2021, 01:03"
1000,7 Years,Lukas Graham,"10 Sep 2021, 00:57"
1001,Never More,平田志穂子,"10 Sep 2021, 00:53"
1002,Fire In The Sky,Anderson .Paak,"10 Sep 2021, 00:49"
1003,Hurricane,Kanye West,"10 Sep 2021, 00:45"
1004,Come to Life,Kanye West,"10 Sep 2021, 00:35"
1005,Palladium,Kacy Hill,"31 Oct 2021, 15:40"
1006,Test Drive - From How To Train Your Dragon Music From The Motion Picture,John Powell,"08 Sep 2021, 02:00"
1007,Good Morning,Kanye West,"08 Sep 2021, 01:56"
1008,Ok Ok,Kanye West,"08 Sep 2021, 01:52"
1009,Hurricane,Kanye West,"08 Sep 2021, 01:48"
1010,New Again,Kanye West,"08 Sep 2021, 01:28"
1011,Heaven and Hell,Kanye West,"08 Sep 2021, 01:26"
1012,Ok Ok,Kanye West,"08 Sep 2021, 01:22"
1013,Tell the Vision,Kanye West,"08 Sep 2021, 01:20"
1014,Waves,Kanye West,"08 Sep 2021, 00:50"
1015,LOVE. FEAT. ZACARI.,Kendrick Lamar,"08 Sep 2021, 00:47"
1016,Reborn,Kids See Ghosts,"08 Sep 2021, 00:41"
1017,Tequila Shots,Kid Cudi,"08 Sep 2021, 00:38"
1018,JUGGERNAUT (feat. Lil Uzi Vert & Pharrell Williams),"Tyler, The Creator","08 Sep 2021, 00:35"
1019,Heartless,Kanye West,"08 Sep 2021, 00:32"
1020,Jesus Lord Pt 2,Kanye West,"08 Sep 2021, 00:20"
1021,Junya Pt 2,Kanye West,"08 Sep 2021, 00:17"
1022,Ok Ok Pt 2,Kanye West,"08 Sep 2021, 00:14"
1023,Jail Pt 2,Kanye West,"08 Sep 2021, 00:09"
1024,No Child Left Behind,Kanye West,"08 Sep 2021, 00:06"
1025,Come to Life,Kanye West,"08 Sep 2021, 00:06"
1026,Come to Life,Kanye West,"08 Sep 2021, 00:00"
1027,Pure Souls,Kanye West,"08 Sep 2021, 00:00"
1028,Pure Souls,Kanye West,"07 Sep 2021, 23:54"
1029,New Again,Kanye West,"07 Sep 2021, 23:51"
1030,Jesus Lord,Kanye West,"07 Sep 2021, 00:13"
1031,Keep My Spirit Alive,Kanye West,"07 Sep 2021, 00:09"
1032,Ok Ok Pt 2,Kanye West,"06 Sep 2021, 01:36"
1033,24,Kanye West,"06 Sep 2021, 01:21"
1034,Junya,Kanye West,"06 Sep 2021, 01:19"
1035,Ok Ok,Kanye West,"06 Sep 2021, 01:15"
1036,Shreddy Krueger,MANWOLVES,"04 Sep 2021, 18:40"
1037,SLOW DANCING IN THE DARK,Joji,"04 Sep 2021, 18:10"
1038,I Should Go (with Kenny Beats),James Vincent McMorrow,"04 Sep 2021, 18:07"
1039,I Believe in You (feat. Francis and the Lights),Kacy Hill,"04 Sep 2021, 18:03"
1040,Selene,Niki,"04 Sep 2021, 18:00"
1041,Plot Twist,Niki,"04 Sep 2021, 17:57"
1042,HEARTBREAK ANNIVERSARY,Giveon,"04 Sep 2021, 17:54"
1043,Take My Breath,The Weeknd,"04 Sep 2021, 17:50"
1044,Jail Pt 2,Kanye West,"04 Sep 2021, 05:26"
1045,Tell the Vision,Kanye West,"04 Sep 2021, 05:24"
1046,Every Summertime,Niki,"04 Sep 2021, 00:24"
1047,Skate,Bruno Mars,"04 Sep 2021, 00:21"
1048,Hurricane,Kanye West,"04 Sep 2021, 00:15"
1049,Jail,Kanye West,"03 Sep 2021, 23:44"
1050,Test Drive - From How To Train Your Dragon Music From The Motion Picture,John Powell,"03 Sep 2021, 17:51"
1051,Yummy,Justin Bieber,"03 Sep 2021, 06:47"
1052,Easier,Mansionair,"03 Sep 2021, 06:42"
1053,Planez,Jeremih,"03 Sep 2021, 06:38"
1054,One Day,Tory Lanez,"03 Sep 2021, 06:35"
1055,Make Up Sex,SoMo,"03 Sep 2021, 06:31"
1056,Show Me,Black Atlass,"03 Sep 2021, 06:31"
1057,Make Up Sex,SoMo,"03 Sep 2021, 06:27"
1058,Sacrifice (feat. Jessie Reyez),Black Atlass,"03 Sep 2021, 06:27"
1059,Love Is a Bitch,Two Feet,"03 Sep 2021, 06:24"
1060,Sacrifice (feat. Jessie Reyez),Black Atlass,"03 Sep 2021, 06:24"
1061,Love Is a Bitch,Two Feet,"03 Sep 2021, 06:21"
1062,I Don’t Wanna Live Forever (Fifty Shades Darker),Zayn,"03 Sep 2021, 06:18"
1063,Use Me,Makk Mikkael,"03 Sep 2021, 06:18"
1064,I Don’t Wanna Live Forever (Fifty Shades Darker),Zayn,"03 Sep 2021, 06:14"
1065,Come Through (feat. Chris Brown),H.E.R.,"03 Sep 2021, 06:10"
1066,DÁKITI,Bad Bunny,"03 Sep 2021, 06:07"
1067,Moon,Kanye West,"03 Sep 2021, 04:34"
1068,Jail Pt 2,Kanye West,"03 Sep 2021, 04:29"
1069,Ok Ok,Kanye West,"03 Sep 2021, 04:25"
1070,Donda,Kanye West,"03 Sep 2021, 04:23"
1071,Praise God,Kanye West,"03 Sep 2021, 04:19"
1072,Off the Grid,Kanye West,"03 Sep 2021, 02:23"
1073,Tell the Vision,Kanye West,"03 Sep 2021, 02:21"
1074,Jesus Lord,Kanye West,"03 Sep 2021, 02:12"
1075,Believe What I Say,Kanye West,"03 Sep 2021, 02:08"
1076,Keep My Spirit Alive,Kanye West,"03 Sep 2021, 02:04"
1077,Finesse - Remix; feat. Cardi B,Bruno Mars,"03 Sep 2021, 02:04"
1078,I'll Face Myself,アトラスサウンドチーム,"02 Sep 2021, 23:42"
1079,Signs Of Love,平田志穂子,"02 Sep 2021, 23:40"
1080,Pursuing My True Self,平田志穂子,"02 Sep 2021, 23:35"
1081,Believe What I Say,Kanye West,"02 Sep 2021, 22:45"
1082,Off the Grid,Kanye West,"02 Sep 2021, 20:01"
1083,Keep My Spirit Alive,Kanye West,"02 Sep 2021, 19:16"
1084,Come to Life,Kanye West,"02 Sep 2021, 05:19"
1085,Jesus Lord,Kanye West,"02 Sep 2021, 04:56"
1086,Keep My Spirit Alive,Kanye West,"02 Sep 2021, 04:52"
1087,"Heartbeat,Heartbreak",平田志穂子,"02 Sep 2021, 04:43"
1088,Jonah,Kanye West,"01 Sep 2021, 19:48"
1089,Hurricane,Kanye West,"01 Sep 2021, 19:43"
1090,New Again,Kanye West,"01 Sep 2021, 19:40"
1091,Junya,Kanye West,"01 Sep 2021, 02:16"
1092,Keep My Spirit Alive,Kanye West,"01 Sep 2021, 02:13"
1093,24,Kanye West,"31 Aug 2021, 22:50"
1094,Ok Ok Pt 2,Kanye West,"31 Aug 2021, 22:38"
1095,Jesus Lord Pt 2,Kanye West,"31 Aug 2021, 22:26"
1096,Ok Ok,Kanye West,"31 Aug 2021, 22:23"
1097,Donda,Kanye West,"31 Aug 2021, 22:21"
1098,Jail Pt 2,Kanye West,"31 Aug 2021, 22:15"
1099,Moon,Kanye West,"31 Aug 2021, 22:13"
1100,Heaven and Hell,Kanye West,"31 Aug 2021, 22:10"
1101,Off the Grid,Kanye West,"31 Aug 2021, 22:05"
1102,Angels (feat. Saba),Chance the Rapper,"31 Aug 2021, 18:27"
1103,Case for You,Early Eyes,"31 Aug 2021, 18:11"
1104,Hurricane,Kanye West,"31 Aug 2021, 18:07"
1105,Jail,Kanye West,"31 Aug 2021, 18:03"
1106,Hurricane,Kanye West,"31 Aug 2021, 17:53"
1107,Remote Control,Kanye West,"31 Aug 2021, 16:58"
1108,Hurricane,Kanye West,"31 Aug 2021, 16:54"
1109,Jail,Kanye West,"31 Aug 2021, 05:34"
1110,Jesus Lord Pt 2,Kanye West,"31 Aug 2021, 05:28"
1111,Come to Life,Kanye West,"31 Aug 2021, 05:23"
1112,Off the Grid,Kanye West,"31 Aug 2021, 05:17"
1113,New Again,Kanye West,"31 Aug 2021, 05:14"
1114,Heaven and Hell,Kanye West,"31 Aug 2021, 05:10"
1115,Believe What I Say,Kanye West,"31 Aug 2021, 05:10"
1116,Heaven and Hell,Kanye West,"31 Aug 2021, 05:07"
1117,Donda Chant,Kanye West,"31 Aug 2021, 05:07"
1118,Tell the Vision,Kanye West,"31 Aug 2021, 05:05"
1119,Hurricane,Kanye West,"31 Aug 2021, 04:15"
1120,Donda Chant,Kanye West,"31 Aug 2021, 04:14"
1121,Donda,Kanye West,"31 Aug 2021, 04:12"
1122,Heaven and Hell,Kanye West,"31 Aug 2021, 04:10"
1123,Believe What I Say,Kanye West,"31 Aug 2021, 04:06"
1124,New Again,Kanye West,"31 Aug 2021, 04:06"
1125,New Again,Kanye West,"31 Aug 2021, 04:03"
1126,Ok Ok,Kanye West,"31 Aug 2021, 03:59"
1127,Ok Ok Pt 2,Kanye West,"31 Aug 2021, 03:59"
1128,Ok Ok Pt 2,Kanye West,"31 Aug 2021, 03:56"
1129,Jesus Lord,Kanye West,"31 Aug 2021, 03:47"
1130,Keep My Spirit Alive,Kanye West,"31 Aug 2021, 03:43"
1131,Jail,Kanye West,"31 Aug 2021, 03:38"
1132,Never More,平田志穂子,"30 Aug 2021, 18:25"
1133,Never More,平田志穂子,"30 Aug 2021, 07:18"
1134,Jesus Lord Pt 2,Kanye West,"30 Aug 2021, 05:19"
1135,Junya Pt 2,Kanye West,"30 Aug 2021, 05:16"
1136,Ok Ok Pt 2,Kanye West,"30 Aug 2021, 05:12"
1137,Jail Pt 2,Kanye West,"30 Aug 2021, 05:07"
1138,No Child Left Behind,Kanye West,"30 Aug 2021, 05:04"
1139,Come to Life,Kanye West,"30 Aug 2021, 04:59"
1140,Lord I Need You,Kanye West,"30 Aug 2021, 04:53"
1141,Pure Souls,Kanye West,"30 Aug 2021, 04:53"
1142,Lord I Need You,Kanye West,"30 Aug 2021, 04:50"
1143,Tell the Vision,Kanye West,"30 Aug 2021, 04:49"
1144,New Again,Kanye West,"30 Aug 2021, 04:46"
1145,Jesus Lord,Kanye West,"30 Aug 2021, 04:46"
1146,Jesus Lord,Kanye West,"30 Aug 2021, 04:37"
1147,Keep My Spirit Alive,Kanye West,"30 Aug 2021, 04:33"
1148,Keep My Spirit Alive,Kanye West,"29 Aug 2021, 22:01"
1149,Heaven and Hell,Kanye West,"29 Aug 2021, 21:59"
1150,Donda,Kanye West,"29 Aug 2021, 21:59"
1151,Moon,Kanye West,"29 Aug 2021, 21:28"
1152,Remote Control,Kanye West,"29 Aug 2021, 21:25"
1153,Tell the Vision,Kanye West,"29 Aug 2021, 21:24"
1154,New Again,Kanye West,"29 Aug 2021, 21:01"
1155,Jesus Lord,Kanye West,"29 Aug 2021, 20:52"
1156,Keep My Spirit Alive,Kanye West,"29 Aug 2021, 20:48"
1157,Donda,Kanye West,"29 Aug 2021, 20:46"
1158,Heaven and Hell,Kanye West,"29 Aug 2021, 20:44"
1159,Moon,Kanye West,"29 Aug 2021, 20:41"
1160,Remote Control,Kanye West,"29 Aug 2021, 20:38"
1161,24,Kanye West,"29 Aug 2021, 20:35"
1162,Believe What I Say,Kanye West,"29 Aug 2021, 20:31"
1163,Junya,Kanye West,"29 Aug 2021, 20:28"
1164,Ok Ok,Kanye West,"29 Aug 2021, 20:25"
1165,Jonah,Kanye West,"29 Aug 2021, 20:21"
1166,Praise God,Kanye West,"29 Aug 2021, 20:18"
1167,Hurricane,Kanye West,"29 Aug 2021, 20:14"
1168,Off the Grid,Kanye West,"29 Aug 2021, 20:08"
1169,God Breathed,Kanye West,"29 Aug 2021, 20:02"
1170,Jail,Kanye West,"29 Aug 2021, 19:57"
1171,Donda Chant,Kanye West,"29 Aug 2021, 17:04"
1172,Take My Breath,The Weeknd,"29 Aug 2021, 02:42"
1173,One Last Time,Christopher Jackson,"29 Aug 2021, 02:39"
1174,Say No To This,Jasmine Cephas-Jones,"29 Aug 2021, 02:35"
1175,Take A Break,Phillipa Soo,"29 Aug 2021, 02:30"
1176,Cabinet Battle #1,Christopher Jackson,"29 Aug 2021, 02:27"
1177,What'd I Miss,Daveed Diggs,"29 Aug 2021, 02:23"
1178,Non-Stop,Leslie Odom Jr.,"29 Aug 2021, 02:16"
1179,Dear Theodosia,Leslie Odom Jr.,"29 Aug 2021, 02:13"
1180,What Comes Next?,Jonathan Groff,"29 Aug 2021, 02:12"
1181,Yorktown (The World Turned Upside Down),Original Broadway Cast of Hamilton,"29 Aug 2021, 02:08"
1182,History Has Its Eyes On You,Christopher Jackson,"29 Aug 2021, 02:06"
1183,Guns and Ships,Leslie Odom Jr.,"29 Aug 2021, 02:04"
1184,That Would Be Enough,Phillipa Soo,"29 Aug 2021, 02:01"
1185,Ten Duel Commandments,Anthony Ramos,"29 Aug 2021, 01:59"
1186,Wait For It,Leslie Odom Jr.,"29 Aug 2021, 01:55"
1187,The Story of Tonight - Reprise,Anthony Ramos,"29 Aug 2021, 01:53"
1188,Satisfied,Renée Elise Goldsberry,"29 Aug 2021, 01:48"
1189,Helpless,Phillipa Soo,"29 Aug 2021, 01:44"
1190,A Winter's Ball,Leslie Odom Jr.,"29 Aug 2021, 01:43"
1191,Right Hand Man,Lin-Manuel Miranda,"29 Aug 2021, 01:37"
1192,You'll Be Back,Jonathan Groff,"29 Aug 2021, 01:34"
1193,The Schuyler Sisters,Renée Elise Goldsberry,"29 Aug 2021, 01:32"
1194,Farmer Refuted,Thayne Jasperson,"29 Aug 2021, 01:32"
1195,The Story Of Tonight,Lin-Manuel Miranda,"29 Aug 2021, 01:27"
1196,My Shot,Lin-Manuel Miranda,"29 Aug 2021, 01:22"
1197,"Aaron Burr, Sir",Lin-Manuel Miranda,"29 Aug 2021, 01:19"
1198,Alexander Hamilton,Leslie Odom Jr.,"29 Aug 2021, 01:15"
1199,ARE WE STILL FRIENDS?,"Tyler, The Creator","28 Aug 2021, 23:05"
1200,Money in the Way,2 Chainz,"28 Aug 2021, 23:04"
1201,Next Chapter,Hydelic,"28 Aug 2021, 17:14"
1202,Don't Stop,YUNG BAE,"28 Aug 2021, 17:11"
1203,High Hopes (feat. Omar Apollo),Joji,"28 Aug 2021, 17:08"
1204,Afterthought,Joji,"28 Aug 2021, 17:04"
1205,Arrested,Breakbot,"28 Aug 2021, 16:58"
1206,Palladium,Kacy Hill,"31 Oct 2021, 15:40"
1207,Trippy (feat. J. Cole),Anderson .Paak,"28 Aug 2021, 16:54"
1208,JEREMIAH - ORIGINAL,BROCKHAMPTON,"28 Aug 2021, 16:51"
1209,Fast Car,Tracy Chapman,"28 Aug 2021, 16:47"
1210,Corpus Christi,Kevin Abstract,"28 Aug 2021, 16:44"
1211,Straighten Up,Passing Tides,"28 Aug 2021, 16:41"
1212,Too Good to Say Goodbye,Bruno Mars,"28 Aug 2021, 16:37"
1213,No Good,Kaleo,"28 Aug 2021, 16:33"
1214,Hard Piano,Pusha T,"28 Aug 2021, 16:28"
1215,COUNT ON ME,BROCKHAMPTON,"28 Aug 2021, 16:28"
1216,COUNT ON ME,BROCKHAMPTON,"28 Aug 2021, 16:25"
1217,Baby Blue (feat. Chance The Rapper),Action Bronson,"28 Aug 2021, 16:21"
1218,Polaroid,Imagine Dragons,"28 Aug 2021, 16:17"
1219,No Mistakes,Kanye West,"28 Aug 2021, 15:57"
1220,Driftin',Griz,"28 Aug 2021, 15:53"
1221,Come Down,Anderson .Paak,"28 Aug 2021, 15:51"
1222,Up,The Score,"28 Aug 2021, 15:46"
1223,Heartless,Kanye West,"28 Aug 2021, 15:40"
1224,Skate,Bruno Mars,"28 Aug 2021, 15:37"
1225,Are You Lonely,Steve Aoki,"28 Aug 2021, 15:31"
1226,Run,Joji,"28 Aug 2021, 15:28"
1227,"King's Dead (with Kendrick Lamar, Future & James Blake)",Jay Rock,"28 Aug 2021, 15:24"
1228,Sunday Candy,Donnie Trumpet & The Social Experiment,"28 Aug 2021, 15:21"
1229,Obvious People,Twin Shadow,"28 Aug 2021, 15:15"
1230,Alive,Khalid,"28 Aug 2021, 15:12"
1231,BUZZCUT (feat. Danny Brown),BROCKHAMPTON,"28 Aug 2021, 15:09"
1232,The Hype - Berlin,twenty one pilots,"28 Aug 2021, 15:05"
1233,All the Stars (with SZA),Kendrick Lamar,"28 Aug 2021, 15:01"
1234,Not Over You,Gavin DeGraw,"28 Aug 2021, 14:56"
1235,Future Days,Pearl Jam,"28 Aug 2021, 14:50"
1236,Dial Up,Childish Gambino,"28 Aug 2021, 14:50"
1237,Televised,Hunny,"28 Aug 2021, 14:46"
1238,Blessed,Daniel Caesar,"28 Aug 2021, 14:42"
1239,Miracle,Labrinth,"28 Aug 2021, 14:34"
1240,When You're Wrong,Twin Shadow,"28 Aug 2021, 14:30"
1241,Crumble,Kevin Abstract,"28 Aug 2021, 03:57"
1242,Real Life,Imagine Dragons,"28 Aug 2021, 03:53"
1243,Mr. Hollywood,Joji,"28 Aug 2021, 03:49"
1244,"Anywhere (feat. Snoop Dogg & the Last Artful, Dodgr)",Anderson .Paak,"28 Aug 2021, 03:46"
1245,JELLO,BROCKHAMPTON,"28 Aug 2021, 03:42"
1246,Hard To Say No,Chromeo,"28 Aug 2021, 03:38"
1247,No Fear No More (Remix),Madeon,"28 Aug 2021, 03:31"
1248,47.48,Childish Gambino,"28 Aug 2021, 03:23"
1249,Yikes,Kanye West,"28 Aug 2021, 03:20"
1250,Learn To Fly,Surfaces,"28 Aug 2021, 03:18"
1251,High Hopes (feat. Omar Apollo),Joji,"28 Aug 2021, 03:14"
1252,Dream Dream Dream,Madeon,"27 Aug 2021, 05:09"
1253,YEAH RIGHT,Joji,"27 Aug 2021, 05:06"
1254,Amsterdam,Imagine Dragons,"27 Aug 2021, 05:02"
1255,Midsummer Madness,88Rising,"27 Aug 2021, 04:58"
1256,DISTRICT,BROCKHAMPTON,"27 Aug 2021, 04:54"
1257,Chains,Hydelic,"27 Aug 2021, 04:46"
1258,J'OUVERT,BROCKHAMPTON,"27 Aug 2021, 04:40"
1259,J'OUVERT,BROCKHAMPTON,"27 Aug 2021, 04:38"
1260,THUG LIFE,BROCKHAMPTON,"27 Aug 2021, 04:34"
1261,Heavenly Father,Isaiah Rashad,"26 Aug 2021, 07:17"
1262,Why,Dominic Fike,"26 Aug 2021, 07:15"
1263,Baby Boy,Kevin Abstract,"26 Aug 2021, 07:11"
1264,JEREMIAH - ORIGINAL,BROCKHAMPTON,"26 Aug 2021, 07:08"
1265,TOGETHER,Aminé,"26 Aug 2021, 07:05"
1266,Hit Me Up,Omar Apollo,"26 Aug 2021, 07:02"
1267,Claymore (feat. Smino),Isaiah Rashad,"26 Aug 2021, 06:59"
1268,Phone Numbers,Dominic Fike,"26 Aug 2021, 06:56"
1269,SLUGGER (feat. $NOT & slowthai),Kevin Abstract,"26 Aug 2021, 06:52"
1270,BUZZCUT (feat. Danny Brown),BROCKHAMPTON,"26 Aug 2021, 06:49"
1271,Sierra Nights (feat. Ryan Beatty),Kevin Abstract,"26 Aug 2021, 06:44"
1272,So Sophisticated,Rick Ross,"26 Aug 2021, 06:41"
1273,Nosetalgia,Pusha T,"26 Aug 2021, 06:37"
1274,Infrared,Pusha T,"26 Aug 2021, 06:34"
1275,What Would Meek Do?,Pusha T,"26 Aug 2021, 06:32"
1276,Santeria,Pusha T,"26 Aug 2021, 06:29"
1277,Come Back Baby,Pusha T,"26 Aug 2021, 06:25"
1278,Hard Piano,Pusha T,"26 Aug 2021, 06:22"
1279,The Games We Play,Pusha T,"26 Aug 2021, 06:19"
1280,If You Know You Know,Pusha T,"26 Aug 2021, 06:16"
1281,Paranoia,Chance the Rapper,"26 Aug 2021, 06:10"
1282,Pusha Man,Chance the Rapper,"26 Aug 2021, 06:08"
1283,Favorite Song,Chance the Rapper,"26 Aug 2021, 06:05"
1284,Good Ass Intro,Chance the Rapper,"26 Aug 2021, 06:01"
1285,Take My Breath,The Weeknd,"26 Aug 2021, 05:56"
1286,Leave the Door Open,Bruno Mars,"26 Aug 2021, 05:52"
1287,Every Summertime,Niki,"26 Aug 2021, 05:49"
1288,CHICK,BROCKHAMPTON,"26 Aug 2021, 01:48"
1289,SWAMP,BROCKHAMPTON,"26 Aug 2021, 01:44"
1290,TEETH,BROCKHAMPTON,"26 Aug 2021, 01:42"
1291,JELLO,BROCKHAMPTON,"26 Aug 2021, 01:38"
1292,QUEER,BROCKHAMPTON,"26 Aug 2021, 01:35"
1293,GUMMY,BROCKHAMPTON,"26 Aug 2021, 01:30"
1294,Leave the City,Twenty One Pilots,"25 Aug 2021, 23:51"
1295,Do You Remember,Chance the Rapper,"25 Aug 2021, 23:47"
1296,Blessings (feat. Jamila Woods),Chance the Rapper,"25 Aug 2021, 23:43"
1297,Tighten Up,The Black Keys,"25 Aug 2021, 23:40"
1298,Someone New,Hozier,"25 Aug 2021, 23:36"
1299,All of Me,John Legend,"25 Aug 2021, 23:31"
1300,Riot,Childish Gambino,"25 Aug 2021, 23:29"
1301,Deep Dream,Hydelic,"25 Aug 2021, 23:26"
1302,Fortunate Son,Creedence Clearwater Revival,"25 Aug 2021, 05:41"
1303,Til The End,Passing Tides,"25 Aug 2021, 05:37"
1304,IV. Sweatpants,Childish Gambino,"25 Aug 2021, 05:34"
1305,MANIFESTO (feat. Domo Genesis),"Tyler, The Creator","24 Aug 2021, 02:09"
1306,SUVs (Black on Black),Jack Harlow,"24 Aug 2021, 02:07"
1307,Paramedic!,SOB x RBE,"24 Aug 2021, 02:03"
1308,"King's Dead (with Kendrick Lamar, Future & James Blake)",Jay Rock,"24 Aug 2021, 01:59"
1309,Backseat Freestyle,Kendrick Lamar,"24 Aug 2021, 01:56"
1310,LEMONHEAD (feat. 42 Dugg),"Tyler, The Creator","24 Aug 2021, 01:53"
1311,Came and Saw (feat. Rowdy Rebel),Young Stoner Life,"24 Aug 2021, 01:50"
1312,Tick Tock,Young Thug,"24 Aug 2021, 01:48"
1313,What’s Next,Drake,"24 Aug 2021, 01:45"
1314,From The Garden (feat. Lil Uzi Vert),Isaiah Rashad,"24 Aug 2021, 01:42"
1315,JUGGERNAUT (feat. Lil Uzi Vert & Pharrell Williams),"Tyler, The Creator","24 Aug 2021, 01:39"
1316,Naked - Bonus Track,Ella Mai,"22 Aug 2021, 03:21"
1317,comethru,Jeremy Zucker,"22 Aug 2021, 02:53"
1318,Take My Breath,The Weeknd,"22 Aug 2021, 02:49"
1319,Every Summertime,Niki,"22 Aug 2021, 02:46"
1320,GINGER,BROCKHAMPTON,"21 Aug 2021, 23:52"
1321,Smithereens,Twenty One Pilots,"21 Aug 2021, 23:40"
1322,Smithereens,Twenty One Pilots,"21 Aug 2021, 23:33"
1323,"Anywhere (feat. Snoop Dogg & the Last Artful, Dodgr)",Anderson .Paak,"21 Aug 2021, 23:29"
1324,Thank You Song,Su Lee,"21 Aug 2021, 23:27"
1325,Deep Dream,Hydelic,"21 Aug 2021, 23:23"
1326,I Might Need Security,Chance the Rapper,"21 Aug 2021, 23:19"
1327,Peach,Kevin Abstract,"21 Aug 2021, 23:16"
1328,Hollywood (feat. Snoop Dogg & Jamie Principle),Gorillaz,"21 Aug 2021, 23:11"
1329,Santeria,Pusha T,"21 Aug 2021, 23:08"
1330,SWAMP,BROCKHAMPTON,"21 Aug 2021, 22:37"
1331,TEETH,BROCKHAMPTON,"21 Aug 2021, 22:36"
1332,JELLO,BROCKHAMPTON,"21 Aug 2021, 22:31"
1333,QUEER,BROCKHAMPTON,"21 Aug 2021, 22:28"
1334,GUMMY,BROCKHAMPTON,"21 Aug 2021, 22:23"
1335,ALASKA,BROCKHAMPTON,"21 Aug 2021, 22:21"
1336,Simple Man,Lynyrd Skynyrd,"21 Aug 2021, 22:17"
1337,Daylight,Joji,"21 Aug 2021, 22:14"
1338,SLOW DANCING IN THE DARK,Joji,"21 Aug 2021, 22:10"
1339,ATTENTION,Joji,"21 Aug 2021, 22:08"
1340,Yikes,Kanye West,"21 Aug 2021, 22:05"
1341,Get A Bag,Chance the Rapper,"21 Aug 2021, 22:05"
1342,I Thought About Killing You,Kanye West,"21 Aug 2021, 21:17"
1343,NO HALO,BROCKHAMPTON,"21 Aug 2021, 20:09"
1344,Sierra Nights (feat. Ryan Beatty),Kevin Abstract,"21 Aug 2021, 19:21"
1345,I Wonder,Kanye West,"21 Aug 2021, 02:12"
1346,Fire Fly,Childish Gambino,"21 Aug 2021, 02:12"
1347,Fire Fly,Childish Gambino,"21 Aug 2021, 02:09"
1348,Time (feat. Ariana Grande),Childish Gambino,"21 Aug 2021, 01:51"
1349,1998 TRUMAN,BROCKHAMPTON,"21 Aug 2021, 01:47"
1350,comethru,Jeremy Zucker,"21 Aug 2021, 01:43"
1351,Take My Breath,The Weeknd,"21 Aug 2021, 01:39"
1352,Every Summertime,Niki,"21 Aug 2021, 01:35"
1353,Mood Ring,Lorde,"21 Aug 2021, 01:28"
1354,Big Star,Lorde,"21 Aug 2021, 01:27"
1355,Leader of a New Regime,Lorde,"21 Aug 2021, 01:27"
1356,Big Star,Lorde,"21 Aug 2021, 01:24"
1357,Dominoes,Lorde,"21 Aug 2021, 01:22"
1358,The Man with the Axe,Lorde,"21 Aug 2021, 01:18"
1359,Mood Ring,Lorde,"21 Aug 2021, 01:08"
1360,Leader of a New Regime,Lorde,"21 Aug 2021, 01:06"
1361,Big Star,Lorde,"21 Aug 2021, 01:03"
1362,Dominoes,Lorde,"21 Aug 2021, 01:01"
1363,The Man with the Axe,Lorde,"21 Aug 2021, 00:57"
1364,Secrets from a Girl (Who's Seen It All),Lorde,"21 Aug 2021, 00:53"
1365,Fallen Fruit,Lorde,"21 Aug 2021, 00:49"
1366,Stoned at the Nail Salon,Lorde,"21 Aug 2021, 00:45"
1367,California,Lorde,"21 Aug 2021, 00:42"
1368,Solar Power,Lorde,"21 Aug 2021, 00:38"
1369,The Path,Lorde,"21 Aug 2021, 00:38"
1370,The Path,Lorde,"20 Aug 2021, 21:51"
1371,Save Your Tears (with Ariana Grande) (Remix),The Weeknd,"20 Aug 2021, 04:58"
1372,SEX,BROCKHAMPTON,"20 Aug 2021, 04:54"
1373,HOT WIND BLOWS (feat. Lil Wayne),"Tyler, The Creator","20 Aug 2021, 04:53"
1374,LUMBERJACK,"Tyler, The Creator","20 Aug 2021, 04:51"
1375,WUSYANAME (feat. Youngboy Never Broke Again & Ty Dolla $ign),"Tyler, The Creator","20 Aug 2021, 04:49"
1376,JUGGERNAUT (feat. Lil Uzi Vert & Pharrell Williams),"Tyler, The Creator","20 Aug 2021, 04:44"
1377,Naked - Bonus Track,Ella Mai,"20 Aug 2021, 04:41"
1378,comethru,Jeremy Zucker,"20 Aug 2021, 04:38"
1379,Take My Breath,The Weeknd,"20 Aug 2021, 04:34"
1380,Every Summertime,Niki,"20 Aug 2021, 04:32"
1381,INFERNO,sub urban,"18 Aug 2021, 20:28"
1382,Overdosin,Amba Jae,"18 Aug 2021, 05:37"
1383,Come and See Me (feat. Drake),PARTYNEXTDOOR,"18 Aug 2021, 05:10"
1384,Coming Down,The Weeknd,"18 Aug 2021, 05:06"
1385,DÁKITI,Bad Bunny,"18 Aug 2021, 05:01"
1386,Come Through (feat. Chris Brown),H.E.R.,"18 Aug 2021, 04:57"
1387,Lights Out,Nbdy,"18 Aug 2021, 04:54"
1388,When We,Tank,"18 Aug 2021, 04:50"
1389,One Day,Tory Lanez,"18 Aug 2021, 04:45"
1390,Easier,Mansionair,"18 Aug 2021, 04:41"
1391,Crazy In Love - Remix,Beyoncé,"18 Aug 2021, 04:37"
1392,Two Weeks,FKA twigs,"18 Aug 2021, 04:33"
1393,FWM,Tone Stith,"18 Aug 2021, 04:29"
1394,Your Smiling Face,James Taylor,"18 Aug 2021, 04:22"
1395,Freeee (Ghost Town Pt. 2),Kids See Ghosts,"18 Aug 2021, 04:19"
1396,This Is America,Childish Gambino,"18 Aug 2021, 04:16"
1397,Paradise,Khalid,"18 Aug 2021, 04:12"
1398,No Drug Like Me,Carly Rae Jepsen,"18 Aug 2021, 04:09"
1399,Retro [Rough],Childish Gambino,"18 Aug 2021, 04:06"
1400,Retro [Rough],Childish Gambino,"18 Aug 2021, 02:56"
1401,RUNNING OUT OF TIME,"Tyler, The Creator","18 Aug 2021, 02:53"
1402,Revolving (feat. Marc E. Bassy),YUNG BAE,"18 Aug 2021, 02:50"
1403,Daylight,Joji,"18 Aug 2021, 02:38"
1404,To Someone Else,Kacy Hill,"18 Aug 2021, 02:35"
1405,Connected (Yours Forever) [In-game Mix],Hydelic,"18 Aug 2021, 02:32"
1406,Automatically in Love,Carly Rae Jepsen,"18 Aug 2021, 02:27"
1407,Palladium,Kacy Hill,"31 Oct 2021, 15:40"
1408,Miracle,Labrinth,"18 Aug 2021, 02:23"
1409,Boomerang,Imagine Dragons,"18 Aug 2021, 01:31"
1410,MANIFESTO (feat. Domo Genesis),"Tyler, The Creator","18 Aug 2021, 01:11"
1411,BUZZCUT (feat. Danny Brown),BROCKHAMPTON,"18 Aug 2021, 01:08"
1412,Miracle (feat. Dan Caplen),Macklemore,"18 Aug 2021, 01:05"
1413,Get A Bag,Chance the Rapper,"18 Aug 2021, 01:01"
1414,Leave the Door Open,Bruno Mars,"18 Aug 2021, 00:58"
1415,never look back,Run the Jewels,"18 Aug 2021, 00:54"
1416,The Sound,Carly Rae Jepsen,"17 Aug 2021, 05:53"
1417,Right Words Wrong Time,Carly Rae Jepsen,"17 Aug 2021, 05:52"
1418,The Grand Optimist,City and Colour,"17 Aug 2021, 05:48"
1419,VICTOR ROBERTS,BROCKHAMPTON,"17 Aug 2021, 05:44"
1420,IF YOU PRAY RIGHT,BROCKHAMPTON,"17 Aug 2021, 05:40"
1421,SUGAR,BROCKHAMPTON,"17 Aug 2021, 05:35"
1422,Every Summertime,Niki,"17 Aug 2021, 05:31"
1423,Wouldn't Leave,Kanye West,"17 Aug 2021, 01:03"
1424,Kids See Ghosts,Kids See Ghosts,"17 Aug 2021, 00:44"
1425,Cudi Montage,Kids See Ghosts,"17 Aug 2021, 00:39"
1426,Cudi Montage,Kids See Ghosts,"17 Aug 2021, 00:30"
1427,Erase Me - Main,Kid Cudi,"17 Aug 2021, 00:28"
1428,Reborn,Kids See Ghosts,"17 Aug 2021, 00:24"
1429,Freeee (Ghost Town Pt. 2),Kids See Ghosts,"17 Aug 2021, 00:19"
1430,4th Dimension,Kids See Ghosts,"17 Aug 2021, 00:15"
1431,Close Down,Mr. Brackets,"16 Aug 2021, 01:58"
